"product_id","product_category_name","product_name","product_brand","product_weight_g","product_length_cm","product_height_cm","product_width_cm","cost","price"
cdc4381f-fa67-41f2-a7d5-07f330097589,books,When successful medical beat,Vertex,661,18,19,9,22.45,42.42
"1f0d68f8-18d7-47c6-8c73-ffd89a2a960a",auto,Pulse Seat Cover Kit (M231),Pulse,9662,52,12,25,124.84,148.16
f68621b0-8316-4cc4-9ba6-af209132acd6,electronics,Nova M247 Headphones,Nova,4287,12,18,15,704.26,843.43
"9c065d67-038d-4dca-b60e-09f0dd3616b4",home_goods,Crest Vacuum - Modern,Crest,949,42,6,22,25.27,52.56
"7c1b1caa-713e-4b45-82e3-3bdeb31b20c9",furniture,Nimbus Chair - Minimal,Nimbus,37558,124,11,8,458.03,767.55
"87db0595-9fb0-43a3-8e3a-c9e0857ed723",auto,Vertex Seat Cover P598,Vertex,18647,78,26,20,265.21,327.35
"454fb0ff-aad3-4a2a-bf57-2d9e21965e57",home_goods,Nova Knife Set Set,Nova,2007,57,17,22,93.46,185.19
b3f39816-6be7-4f4c-b1c2-bf427cf3a304,fashion,Zenith Cozy Jacket,Zenith,737,20,6,24,41.19,122.43
d0ff9907-4adb-4b14-b12f-f5a2fd1999d8,fashion,Apex Hoodie (White),Apex,854,42,22,15,104.68,289.34
fe331146-714a-4676-8eda-6412d42af6cf,furniture,Vertex Steel Coffee Table,Vertex,37820,98,7,21,437.61,637.02
"61132e9a-8861-4552-86a6-2d96e90d55d9",home_goods,Apex Lamp Set,Apex,1457,56,19,14,8.8,18.62
"736da727-d639-4010-9322-6a6bd1537dba",furniture,Apex Fabric Bookshelf,Apex,23230,194,11,26,421.13,774.27
"12a370fa-674c-454d-a34c-e41da6a48c53",fashion,Zenith Dress (White),Zenith,783,55,21,14,76.33,235.99
"0587bc5e-8994-41ce-8176-f66bb22e13bd",books,Fight threat trouble ready something,Orion,618,23,16,13,25.35,36.58
"24001593-acd6-4b55-a64a-dc471c45cc36",furniture,Orion Sofa - Cozy,Orion,28658,149,15,11,396.36,777.45
f917dfd5-0f20-426f-ab38-ec2f5192890a,furniture,Vertex Leather Coffee Table,Vertex,20447,77,20,17,67.41,124.57
"9843a7ee-f0b5-4d25-b2c8-3f62ce074a45",electronics,Apex Headphones P869,Apex,511,31,19,14,1285.32,1446.99
"9ece5be4-3d25-47e3-b061-c38b1a4816c7",auto,Nova Tool Set Kit (X985),Nova,17601,44,7,25,307.07,372.74
"89680b92-20e9-4234-a828-e8538ab5aa61",electronics,Vertex Monitor S732,Vertex,2631,37,14,21,213.24,275.18
"049fda2c-d6e7-4de0-b19c-4db02e3732f9",toys,Crest RC Car Toy,Crest,677,20,13,13,37.13,67.81
f37edad2-8157-44a6-b86d-432bc3729904,electronics,Pulse Headphones S159,Pulse,2862,43,24,10,122.24,139.6
"43f8f3ed-56e1-404a-8e80-2687466256cb",furniture,Nova Sofa - Minimal,Nova,24993,193,20,12,327.23,662.23
"47a0caf3-ede4-4a4c-b0f2-2d63fdabe37d",home_goods,Pulse Knife Set - Industrial,Pulse,1865,49,29,16,35.53,65.04
e5cac4e0-9506-4675-a25c-f1b8a2a90927,furniture,Zenith Coffee Table - Cozy,Zenith,23428,84,17,17,407.18,732.74
fbab7c45-f7ab-4618-9aa9-d0bf4d2ecbde,furniture,Vertex Desk - Industrial,Vertex,24774,128,10,23,559.55,993.4
d2b0b0d9-89a6-48db-9ba5-4bb98d606440,books,Some agent,Pulse,601,18,9,21,16.98,32.87
e4bbcaf1-0e98-43da-9167-82e0fe6481e9,electronics,Orion Camera X466,Orion,483,45,18,8,1286.4,1616.18
bf68fb88-3490-4fb0-82c9-bb3c71ef05f1,toys,Zenith RC Car (White),Zenith,562,22,12,15,5.7,13.47
c8788802-196f-49ff-af47-a08d81856d4a,electronics,Nimbus Tablet P328,Nimbus,3703,31,10,13,1097.66,1236.0
e9bd861f-bd42-44e4-8ff2-7cd6e2d5be60,fashion,Vertex Classic Jacket,Vertex,119,36,25,7,79.42,273.64
f278f2ea-0791-4603-a948-631682a5f1b4,books,One agency try skin him,Apex,738,21,24,10,6.16,11.22
fbffaaba-9c2b-4dd0-a3b8-1156ab9316d0,books,Two type number,Zenith,636,11,9,12,7.73,15.46
de5271a8-442a-4481-b21e-c59681152880,fashion,Crest Modern Hoodie,Crest,245,36,5,16,101.87,242.38
facbbc06-3004-4ddd-8626-ad21de3c6871,furniture,Crest Desk - Cozy,Crest,26502,72,7,14,362.47,716.5
"84993357-8fb1-4092-94f6-82de54495549",home_goods,Orion Air Purifier Set,Orion,4739,60,27,10,71.39,130.22
"4319ee9b-4755-430e-b416-407d519027e4",toys,Crest RC Car (Black),Crest,856,28,29,28,7.8,19.15
c8878eab-79c2-4454-8d66-29ed03c0f630,auto,Nimbus Tire Inflator Kit (X731),Nimbus,17526,40,18,20,319.86,492.02
"2cabb743-d5f7-4882-a39c-e8ff37af344f",home_goods,Crest Knife Set - Cozy,Crest,2431,85,24,7,11.55,22.65
e910f4e7-bea5-4247-9c81-57cdac0d76ff,books,Teach evidence fight interest point: Who likely analysis light agency affect,Vertex,939,21,25,14,10.54,17.37
"99ee5d2b-f727-41fd-9aa7-79500d2673f9",toys,Pulse Board Game (Blue),Pulse,807,5,17,26,17.76,33.74
db48d993-25ac-4203-a970-9179d5856077,fashion,Nova Sneakers (Beige),Nova,100,20,10,29,20.8,78.47
"5fa4c04f-5b89-4dd7-96c0-98f590f8ac45",books,Sea reduce coach also: Indeed century table computer relationship hundred,Nova,581,13,19,29,15.4,25.69
"799ae587-9fe7-4cb6-999b-947d12285e16",furniture,Nimbus Steel Chair,Nimbus,24665,65,11,9,465.43,675.62
e8d7bcb1-4e1f-45c9-b7c2-34fb7d8ff1d2,books,Mrs sport miss cover,Crest,534,19,24,22,24.44,43.19
"471f9e60-1139-4a1e-af09-59075cf04c42",books,Somebody capital but in: Morning save teach operation language decision,Vertex,888,23,20,20,26.04,38.78
"1a1600c9-8ada-46c7-a900-b5a5529aac0f",fashion,Pulse Industrial Sneakers,Pulse,851,28,6,16,41.96,112.24
ffecf909-61df-4f80-bd28-3e87fd00b5bb,books,Include pretty: Key security need,Apex,727,10,26,8,7.46,11.47
"4101a89b-cfff-4bf9-857e-561c991c1c4d",furniture,Zenith Oak Bookshelf,Zenith,14195,152,6,11,201.76,289.67
"2d37d6e7-8e56-423e-84c0-434fe9cc357c",toys,Nova Building Blocks Toy,Nova,496,7,23,15,24.63,65.88
"24d86f9a-144c-4032-9306-f0f4155d16d7",books,List society: Single military imagine writer push develop,Crest,396,18,23,25,27.27,39.38
e350887f-93df-42cd-977b-e2779b3b84e6,electronics,Zenith Camera P566,Zenith,3441,30,13,6,996.65,1303.53
"9a1b2373-c842-482c-b8dc-1ac840b9ca2c",toys,Nova Board Game (Black),Nova,166,16,22,12,23.28,46.08
"1f376434-85dd-4cc1-b494-23739838b3c5",electronics,Crest S407 Tablet,Crest,1542,12,17,10,263.08,304.88
"393e3ce7-b044-49e3-8102-fd3db42a6ee4",electronics,Orion A956 Headphones,Orion,2335,14,14,17,235.2,307.71
"87c9c77a-6b4e-4759-ae8f-430b7ba788a5",books,Alone while parent their win,Pulse,759,17,22,15,18.57,30.92
"510e0118-f344-4d2e-be5d-57eca2c60f13",furniture,Pulse Steel Coffee Table,Pulse,17609,176,20,28,65.71,105.84
"72bd8062-b1b9-430d-acd4-df217cdc2ac1",home_goods,Nova Bedding Set,Nova,2415,31,10,13,27.63,65.66
"9e3e0363-9c62-4e63-92e0-6a85d27961ae",toys,Pulse Board Game Toy,Pulse,834,16,20,11,35.77,67.94
"96dcddd9-3f76-44db-a6ab-f3814fd5f30f",auto,Orion Seat Cover Kit (S534),Orion,12127,31,17,21,343.15,436.28
"242a1a50-921a-4ad4-925d-aa385a15eb69",books,Model really list,Crest,313,12,23,17,34.08,49.87
ceddbc42-a834-4b4d-a427-69f670c25c4f,toys,Pulse Board Game (White),Pulse,915,17,28,18,23.56,51.16
a07bf8ac-2c49-44dd-bdd5-5b9daa51b131,furniture,Crest Desk - Industrial,Crest,16853,175,15,18,326.77,658.65
"3e4c460a-9b28-4b82-b28c-d6d4c58b922a",fashion,Apex Industrial Sneakers,Apex,758,58,23,18,83.95,230.12
"8e0be480-656d-44c9-94e5-0c57bdeeaba2",auto,Nimbus Dash Cam Kit (S769),Nimbus,15411,75,27,26,84.55,110.77
"86ea531a-f2f5-4219-8c8b-92053777cfd9",fashion,Nova Minimal Hoodie,Nova,824,39,23,15,116.65,275.14
"32587de7-0263-414c-bfd5-740ee400f27f",electronics,Crest Bluetooth Speaker A792,Crest,724,43,29,8,1164.32,1501.63
badf8494-526d-45d9-ab0d-145271eb31c2,auto,Apex Seat Cover Kit (X422),Apex,18076,30,14,7,160.15,196.46
"3bc68910-180b-439e-a281-9042fff73ace",furniture,Orion Desk - Industrial,Orion,22658,91,13,18,236.38,482.86
cc7a6d9c-5ae1-4cb9-bad6-37346f9cdb50,electronics,Apex M369 Bluetooth Speaker,Apex,2747,48,15,21,127.44,164.37
"9926acba-6144-4806-95eb-a3a6f4d38129",furniture,Crest Bookshelf - Cozy,Crest,27187,149,10,8,106.0,251.99
e971623f-64b7-48e6-a001-12176eee22ee,auto,Nimbus Tool Set Kit (S823),Nimbus,17850,91,8,17,47.41,68.83
d6aacc50-d145-4d9e-95a6-498792625554,electronics,Zenith A263 Bluetooth Speaker,Zenith,4405,46,18,24,853.03,1109.23
fd436d09-ed4e-47c1-a2be-967385b5472c,toys,Crest Building Blocks Toy,Crest,338,22,26,15,10.8,24.56
"9291b27f-fbf5-485e-8de8-8292c096f870",fashion,Nimbus Cozy Jacket,Nimbus,112,23,29,9,56.02,125.6
"2f244a0f-e391-4fab-bc11-19e3ed4ab026",books,Generation today,Orion,221,12,23,19,17.1,26.16
fdb21f36-8e38-4826-9639-32d32edb73e1,auto,Vertex Tire Inflator Kit (P356),Vertex,14778,61,19,7,363.81,467.87
"1d52c765-06d5-4a81-9ccb-c8b9d179b40a",auto,Zenith Seat Cover P135,Zenith,7805,15,9,12,148.8,183.99
b33f1168-20d0-42d4-acbb-b88396da1da7,books,Main method inside food industry,Zenith,763,23,24,25,13.54,25.61
"4168184f-9f99-4432-923b-8c5a44d496c5",home_goods,Nimbus Air Purifier Set,Nimbus,1854,37,12,26,32.0,74.88
c1566c44-e970-42b3-8686-f4b399a720d5,furniture,Apex Walnut Chair,Apex,25349,135,5,15,175.55,417.37
"56611240-a62c-49f7-9a7a-0f4e1068d595",toys,Vertex Puzzle (Blue),Vertex,790,11,14,18,22.77,51.31
"71c9a551-38d7-4d63-8830-19497e1eb8ba",furniture,Nimbus Oak Sofa,Nimbus,16460,82,11,23,369.51,713.46
e496c7eb-ce46-4dd6-bb3b-0e210f405331,auto,Crest Dash Cam Kit (S605),Crest,8327,88,12,22,45.04,59.76
"88f283b8-6852-41a9-8909-6961efe41b42",furniture,Apex Sofa - Minimal,Apex,21251,175,22,16,297.45,390.09
ad13775c-95bd-4571-94f3-0eb068748278,home_goods,Zenith Vacuum - Minimal,Zenith,3288,78,23,23,94.36,184.18
"44fcafc2-4863-48eb-bda0-49fed2f1baec",auto,Nimbus Dash Cam P710,Nimbus,3603,91,28,28,348.46,455.53
"3186cb2a-8c0c-477a-8936-8579cc118a1d",toys,Nova Doll (Red),Nova,678,26,21,9,36.33,83.76
"5be87321-98e5-40fe-8964-f0625a42ad1d",fashion,Crest Jacket (Green),Crest,442,37,7,23,76.97,241.27
"775fda99-84ae-4a0d-b9b8-91796add66e8",electronics,Nova M687 Monitor,Nova,1751,29,25,11,760.25,941.81
df64bb34-8879-4d4f-b3b2-37f6c6c1a88f,books,Clear rich you,Orion,336,10,27,23,18.63,28.51
"83fbdf52-21a3-4b64-af45-76ff4437130b",electronics,Nimbus Headphones M767,Nimbus,551,28,12,11,1540.47,1993.1
b216886d-a0cd-43c0-aca9-8aad868b1ac2,books,Get catch this think,Nova,332,10,14,23,11.65,17.76
a56537c4-0e95-4a0e-8d57-c53a9b493db9,home_goods,Zenith Vacuum - Industrial,Zenith,747,11,18,25,51.88,117.3
bff83b68-c794-4c4c-a118-9b401019f3f8,books,Identify myself stock,Zenith,988,13,24,14,19.33,32.87
f2200dbb-7112-4b01-a55c-1c98564bfacf,auto,Pulse Tool Set A794,Pulse,3257,53,17,27,50.16,62.84
"93b47d2a-ab7f-4fbc-8d45-d83bc3f397c9",electronics,Vertex Headphones P711,Vertex,3798,41,8,25,695.76,871.84
abf08593-7996-4900-9cf8-32a7b9a79bc4,furniture,Apex Leather Coffee Table,Apex,17806,189,15,8,42.86,101.1
ec4af571-1c87-42c5-ac54-0edf61cb2914,fashion,Nimbus Hoodie (Red),Nimbus,854,49,5,27,73.59,280.04
fe68fb59-de77-4fe1-b837-a1c33cc4d413,auto,Orion Car Charger X179,Orion,10506,88,10,25,84.16,127.05
"365c6ea2-3c28-4593-8e86-b7ca3d73aa80",books,Order stage: Board meet quality back,Orion,368,24,19,15,19.57,28.34
"6311fa3e-699d-4c50-8e3f-d4080c6002b3",books,Respond picture by activity: Measure lose yard see perform,Nimbus,807,12,10,11,12.44,19.71
"6a6eeff8-d657-4aad-bb86-222a31e7491f",electronics,Zenith Monitor X202,Zenith,2042,38,24,16,93.16,120.09
"441208aa-e034-4a07-af61-bff6ab263701",books,Anything lot: Difference stop whom data,Nova,360,20,25,24,26.88,47.49
"9ace4f3c-b2ff-49bc-94f8-6253c9f2387d",toys,Zenith Building Blocks Toy,Zenith,891,25,23,14,48.76,96.07
"2e3cc991-c36d-4a51-954c-f0ae5416c27d",electronics,Vertex Smartwatch P704,Vertex,4200,19,7,29,95.59,114.13
a6a37456-779a-429e-befa-b0d4002ec5ee,electronics,Crest Camera S173,Crest,3465,34,25,29,1115.56,1249.43
c34b3f5b-93d9-4da9-8ecb-c040d795aa34,auto,Pulse Car Charger S561,Pulse,8373,33,13,14,196.23,267.94
cb790d2e-c4f4-4f11-815a-bfe45f0dc288,electronics,Orion Headphones A182,Orion,3925,34,25,12,785.31,918.38
"12bc2da7-5974-421c-ba65-ab548798d8b5",furniture,Zenith Steel Sofa,Zenith,37408,90,16,15,727.43,931.86
"78632ff2-3684-4fc9-bbd4-b1c44b9e4a4a",home_goods,Pulse Air Purifier - Classic,Pulse,749,33,6,7,45.93,81.92
ae84cb55-4ada-4a14-b5ac-09a0714e4d00,toys,Nova Building Blocks (Blue),Nova,258,6,16,9,32.51,74.35
"9351bc40-04c1-418d-badc-f019f87667cc",fashion,Orion Modern Sneakers,Orion,143,43,26,17,6.95,22.42
bb691567-911d-4808-9de8-f95cfb1e9c57,toys,Crest Doll (Blue),Crest,340,7,11,27,25.94,51.8
"8a2e962b-0fb0-4ca4-8a5c-ebc434b73de0",auto,Orion Car Charger P177,Orion,14544,41,7,14,182.42,252.24
"5e33d7ea-54ff-4a91-a2fb-b320e1a05298",furniture,Vertex Walnut Sofa,Vertex,44732,161,28,11,447.5,636.94
"7a28c6b0-cd56-4d90-bff2-8ff77cca1136",toys,Nova Puzzle Toy,Nova,805,28,24,27,33.74,90.74
"16744f54-6944-4fb7-b27e-839a9253a890",auto,Orion Seat Cover Kit (A587),Orion,3226,74,12,24,306.67,362.97
"79a4b40e-2652-4c28-803f-0db1a4d65d7f",fashion,Pulse Dress (Blue),Pulse,419,50,6,7,22.01,60.6
"45af1818-d9f8-41de-95a3-3c0ca5c4464b",auto,Orion Car Charger Kit (A396),Orion,14318,80,20,25,246.12,363.57
"77755160-a87b-4060-96b8-58415706a251",fashion,Zenith Classic Backpack,Zenith,395,39,23,13,27.89,63.0
"818f2cdd-036c-4c54-990e-11967f3db13e",furniture,Nimbus Leather Coffee Table,Nimbus,19325,75,18,12,289.13,688.29
a8c3fba5-0888-4326-b59d-0a261123a3c8,toys,Vertex Building Blocks Toy,Vertex,515,24,27,27,21.1,46.5
f6f785b5-2703-40f5-8954-5de88d1989dd,furniture,Vertex Sofa - Minimal,Vertex,29069,171,17,20,157.13,391.25
f5aca5fb-12bc-4125-830a-983c007577b8,auto,Nimbus Car Charger Kit (X820),Nimbus,6342,14,10,6,253.74,314.34
"7e839262-94a7-4d04-ae4e-ac40b34c252b",fashion,Pulse Jacket (Blue),Pulse,135,45,26,26,56.2,160.85
b0019974-ad0e-442b-87f0-c06b73a5b7fa,electronics,Pulse M987 Headphones,Pulse,3593,18,24,13,696.62,776.77
"3d2ff262-f147-4d47-b1dd-28d28880af70",books,Anything sea near: Look western teacher magazine,Nova,919,24,29,13,17.3,31.49
"0d0b3beb-f8a3-4d0d-b666-4ed8e183e91e",toys,Vertex Building Blocks Toy,Vertex,233,22,29,19,13.37,33.84
c27761f8-b223-44d4-a510-ad667378026c,toys,Vertex Board Game Toy,Vertex,198,16,21,22,32.94,91.86
"3af3f3e2-dafe-4e60-8d6a-31736062593f",fashion,Vertex Dress (Beige),Vertex,507,24,26,10,26.93,67.9
b4ae083e-9712-43d0-820b-9438644da0cd,fashion,Nimbus Backpack (Red),Nimbus,759,31,14,5,43.9,120.57
"9d969a35-0053-4ef5-8f45-9cb923b9f570",furniture,Pulse Walnut Bookshelf,Pulse,12303,148,27,6,409.42,887.71
"5385ca65-79bb-442a-80b9-0612a49c5ad9",books,Class mouth health other important,Pulse,218,21,23,13,5.34,10.37
"95a67e9a-55f9-4fc9-bbcc-043f441b281b",auto,Zenith Dash Cam Kit (S145),Zenith,1182,89,27,28,178.83,228.37
"549f38cb-4c1b-4af3-9136-720b2a5a096a",electronics,Nimbus Smartwatch M441,Nimbus,461,29,13,13,1073.93,1377.14
"0d098248-c51e-4c5a-b5f2-b9559df2e8a9",books,To door right: Unit project especially Mr beat,Apex,755,22,23,16,18.58,36.12
"6825686a-7862-40f9-9918-1808a637c0e3",auto,Vertex Seat Cover M687,Vertex,18136,44,20,7,95.48,139.32
"96a13460-5f30-44ad-9927-2929cdd84c34",auto,Zenith Car Charger X716,Zenith,2021,98,8,25,270.77,404.46
"32e0d289-004d-40b1-9e42-ca18fb68cd52",auto,Crest Tire Inflator Kit (P515),Crest,3787,71,11,15,322.63,494.81
"90a4d65c-ad12-445c-a5f2-7daa82c77629",toys,Zenith Building Blocks Toy,Zenith,923,11,20,28,29.22,55.77
c704f4a4-5ec4-46bc-b1d0-0456e6a4d53e,toys,Orion Building Blocks (White),Orion,945,6,15,20,25.81,65.82
"255600a4-9174-4b3d-9b9c-ede916b6b8b1",furniture,Zenith Steel Bookshelf,Zenith,19056,76,7,14,316.06,580.95
a4f3c515-b1eb-41c3-97ab-90c6e49c3a2c,fashion,Nova Dress (Green),Nova,943,23,11,29,42.57,137.03
"804c228c-1d47-457a-8aeb-5aaf648f52ee",electronics,Nimbus Tablet A819,Nimbus,4362,27,11,18,92.7,103.64
e841a66e-c88f-4e89-b15e-b3bf5b1c6e54,home_goods,Zenith Lamp - Modern,Zenith,4765,22,18,5,42.43,102.89
"4dfb18cf-979b-4517-9b3d-e9ff03c724f4",fashion,Nova Modern Dress,Nova,727,41,16,12,16.59,50.13
"104c8c54-3d13-411b-9adb-4ffaa3ad2e1a",toys,Vertex RC Car Toy,Vertex,289,13,21,29,35.54,80.22
"541e2516-6fa0-41f2-8a24-7f4989871842",home_goods,Nova Bedding Set,Nova,1436,64,6,15,66.45,117.24
"5d38a43a-915c-4954-8f0f-f627632e6bc9",furniture,Nova Bookshelf - Industrial,Nova,19983,128,27,23,285.85,608.07
ac5670d3-b2f4-40dd-8be9-0b5736afe3b5,electronics,Pulse S864 Camera,Pulse,3471,43,15,20,1575.61,1790.46
"2bc85ce3-1751-46a1-93a3-e44abfa2371a",books,Land more world indeed: Own current sound,Pulse,549,12,16,11,22.85,41.48
ab1ddce8-4955-4e92-b7dc-d8910e2cddee,toys,Nimbus Board Game Toy,Nimbus,532,23,21,8,37.14,70.5
"11cb646b-bbdb-4d42-b999-bf0331bc9f26",furniture,Zenith Leather Desk,Zenith,45012,143,19,13,459.28,801.07
f9c23089-33c6-4501-8fdb-1ea01f61ccb7,fashion,Crest Modern Dress,Crest,681,34,15,28,51.97,189.67
"1c181281-3545-443c-8b8f-9f86e6716692",furniture,Apex Fabric Desk,Apex,28944,121,8,10,628.12,877.7
e8dd1885-af00-40d3-b9fc-51f64034ed6b,electronics,Crest Headphones A515,Crest,4862,36,29,26,1010.58,1192.16
"9122a2cd-ccef-446c-b0f4-2000510707d3",furniture,Vertex Bookshelf - Classic,Vertex,15384,86,7,28,314.5,511.95
f04622bb-c122-42e1-80c6-f355efaf2494,home_goods,Zenith Knife Set Set,Zenith,1833,67,7,22,25.33,49.77
db1f5d3c-9fce-4979-a925-55324f1051c7,auto,Apex Tool Set A254,Apex,16553,82,5,24,361.97,467.01
e31da08d-4d78-4c17-9da1-bef6d2ca8b0b,auto,Vertex Tire Inflator Kit (P901),Vertex,17648,41,18,11,266.89,389.46
"375c87ed-dcab-466e-aa6b-90e4ca0a7fb3",books,Enter news outside,Zenith,595,11,12,28,15.16,24.2
bdcdde4a-3cb5-4c3b-a922-f3b6ba7469e2,home_goods,Zenith Vacuum - Modern,Zenith,2834,20,21,17,82.85,160.96
"8588f9aa-b4e9-41ce-936d-d04fd20015c1",fashion,Nova Classic Sneakers,Nova,311,30,23,26,59.84,208.04
"2ceb242d-24a4-4082-983f-483d24a5b1af",furniture,Pulse Bookshelf - Minimal,Pulse,11764,188,25,18,318.21,730.8
"6af8f781-ad98-41f5-8c21-f6fca115b61c",furniture,Nova Walnut Desk,Nova,44971,140,29,23,198.97,393.99
"40f21514-fa42-466c-bc8b-d11b54d91bf9",electronics,Vertex Monitor X498,Vertex,2635,14,9,27,1628.19,1918.03
"0cc3a506-0832-4c46-8900-9537e0523231",electronics,Nova M368 Camera,Nova,3605,10,27,17,1331.74,1676.02
f061bae0-159e-47fe-bded-bfccd8f08fc6,furniture,Apex Chair - Industrial,Apex,19032,140,22,17,321.87,579.54
d5b72c34-43f7-4ec7-a7a7-802293e0382e,furniture,Vertex Walnut Chair,Vertex,28152,153,27,6,277.75,676.82
dd306d49-74ec-4db7-9dc7-9d2d6287cce2,toys,Nova Doll Toy,Nova,531,27,21,28,9.06,19.66
"22974cc1-d665-479c-8eae-b3186ca382c3",books,Activity they: Herself court her civil,Crest,655,24,29,27,25.51,48.53
b4277fff-0cec-410f-9e6f-fc09ef562ad2,home_goods,Orion Lamp Set,Orion,4097,79,7,19,17.48,29.36
"05bc3975-4277-4394-bef5-a1c5be43b649",furniture,Vertex Oak Bookshelf,Vertex,29569,178,11,28,433.83,709.82
fcc0414f-91a7-4044-bfdc-6093453d3b30,furniture,Orion Leather Coffee Table,Orion,46030,95,24,12,650.56,894.39
db560fc4-0f77-48ff-bba5-409b1cb2b381,fashion,Zenith Sneakers (Beige),Zenith,907,44,28,20,28.95,64.55
"79882cdd-aa0e-4bce-be75-472ee6eb8af4",books,Investment however game white,Orion,693,24,20,20,6.29,10.96
fad50be3-2d36-4ca9-9042-7bc477798b15,furniture,Orion Coffee Table - Classic,Orion,7642,144,25,29,532.39,725.4
"528b9127-5e13-4d19-89f0-ec27f40d7e92",electronics,Nova M614 Smartwatch,Nova,1162,30,14,26,858.6,1066.1
"573f657d-b7e3-4c23-bb29-88373dbc9f25",furniture,Nova Desk - Modern,Nova,5539,181,17,29,381.59,803.54
fbeb6f43-d37a-4ad8-80c5-7586ccddd1bf,auto,Nimbus Dash Cam A419,Nimbus,14841,80,29,22,271.97,372.7
"44c1f9d9-e8ba-4e85-ba1b-d619540908f4",books,Movement either: Behavior worry simple political account contain,Pulse,810,13,9,11,7.36,13.52
"55b89bd5-9d09-40e9-8e2e-15bf91fcafaf",fashion,Nova Jacket (Black),Nova,628,59,16,26,64.97,149.81
"10cfea1a-c95e-4b87-bd1d-e74e22fcb680",furniture,Nimbus Walnut Chair,Nimbus,48602,102,12,6,382.4,921.52
"003e6e7c-6357-40af-a3bb-6493d03b14c6",auto,Crest Tool Set Kit (S738),Crest,6289,91,17,27,400.03,484.21
"6e9c46d7-eef2-437a-93d1-5b8fb3873e21",electronics,Pulse Headphones X905,Pulse,955,32,29,17,1226.25,1426.14
ee1d6ae5-6515-4779-9c12-d04abae1f2e4,books,Build throw outside: Drive beyond voice recently onto crime,Nimbus,787,16,7,20,13.87,20.95
"103b7dd9-e00e-4be9-907e-a5516da7a5f7",furniture,Nimbus Coffee Table - Classic,Nimbus,14451,78,10,7,721.82,911.7
e7a260fe-46c0-490d-b2c7-917c041d0aac,auto,Crest Seat Cover S189,Crest,10879,85,25,20,159.88,212.57
c6c73e03-0b52-4789-b3e0-77ae562f1f13,toys,Crest RC Car (Black),Crest,764,21,29,10,36.47,73.84
c81dc06d-b053-41cc-b371-3f8fda64ba07,books,Cover international experience especially learn,Crest,807,21,23,15,14.47,22.01
"4ebec6ac-6829-4cbe-a05c-6a24e12b88c1",books,Industry serve black,Nova,533,22,10,7,6.27,12.06
"864cc5d9-7c57-4817-89e0-b3cd4c2a62cc",furniture,Nova Bookshelf - Cozy,Nova,46487,141,25,21,533.58,680.22
d8344521-a628-4f95-8c08-febd62026e90,electronics,Vertex Headphones P897,Vertex,3204,12,8,24,581.63,679.71
c0f05019-713a-4b5c-8c2d-b7cac62c9509,furniture,Pulse Steel Bookshelf,Pulse,10656,103,16,19,617.29,836.34
b7896e1c-172f-4b8b-9f92-9d81886ff4a4,home_goods,Crest Bedding Set,Crest,666,54,7,11,28.35,64.67
e60a8e7f-e884-4261-9802-1d646e84dc9a,toys,Nova Doll Toy,Nova,278,18,26,10,14.41,38.92
"13ff2441-9afc-404f-8109-07079c1b73ca",fashion,Orion Sneakers (Beige),Orion,235,58,15,21,120.59,276.53
cbad40b6-afae-4c84-95c4-63df96ef246b,auto,Zenith Car Charger Kit (X387),Zenith,8875,11,16,7,147.09,196.02
"0dfd140d-645f-43e5-862c-6e1d512a1977",fashion,Nimbus Minimal Backpack,Nimbus,414,39,19,16,46.63,155.93
"1a79ffc8-37e8-4a6f-9bbc-27d9e7ac2e8a",electronics,Pulse X437 Bluetooth Speaker,Pulse,2415,36,8,23,1009.2,1244.89
"0d5a7d18-4828-4803-8f1f-64627c67250c",home_goods,Pulse Knife Set - Industrial,Pulse,2992,74,14,21,15.7,34.28
a8832065-f392-4c7c-b7e5-50e53b335dda,books,Mr base,Orion,602,15,18,24,8.05,11.52
dd19cc35-e9b4-4958-8e1d-87ae2b26cad1,auto,Nova Dash Cam X797,Nova,6958,23,23,17,345.69,496.08
"4bff9d5d-1406-4879-b009-521289c0b475",electronics,Vertex Monitor S655,Vertex,1633,48,16,23,1432.93,1620.6
"08e0394c-ff46-49a1-8b92-4fc2d80be7f2",furniture,Vertex Desk - Minimal,Vertex,12208,121,17,6,376.55,636.49
"29ce6689-e367-4a24-a8c8-7ecc993e5bfa",auto,Pulse Seat Cover Kit (M461),Pulse,11768,51,9,28,353.66,457.93
"50e90df2-3eea-4083-a79a-5d9db9850d51",books,Notice animal use: Why relationship tax,Vertex,674,20,12,18,18.89,33.4
f58cb29d-1047-4dba-a10e-c241f0b95381,books,Both training with red: All firm ago almost those,Nimbus,370,12,22,9,26.61,40.05
e2643c32-5249-4444-8c9c-7d07c14ad2cc,fashion,Apex Industrial Sneakers,Apex,768,43,15,11,67.94,197.21
e0a84b37-5215-4a4a-967f-d881cb2f8b58,toys,Crest Puzzle Toy,Crest,412,7,12,24,34.09,66.04
"6dc2e25b-fd6a-49a9-93eb-73ae63c43c6d",electronics,Pulse P239 Headphones,Pulse,3812,17,10,12,713.39,822.17
ec5c0faa-95a6-4ae3-9e18-41e75798724a,books,Strong still step raise: Cell officer policy soldier,Crest,704,16,12,14,15.24,22.23
ebaacd53-2d89-4916-b082-9e5aa378a66e,books,Drive throughout attention make,Pulse,457,13,8,28,29.78,44.31
"5bef18d9-d831-43cc-98a8-1676f1fbf16f",auto,Zenith Car Charger S684,Zenith,9548,91,27,8,118.11,181.16
"9ae18558-3f1f-423d-9832-8864df076896",toys,Crest RC Car (Red),Crest,553,20,18,12,5.68,10.73
"1e3e6aa5-0098-4f61-aff8-74b18187560b",electronics,Vertex M195 Monitor,Vertex,4152,31,16,29,1518.62,1847.25
dbda98b1-3a9e-432f-a8a1-38123304854a,furniture,Orion Bookshelf - Modern,Orion,29053,134,25,29,671.09,939.84
"9d92ad24-fbcc-44f0-8479-337bcfa4771c",furniture,Nova Chair - Classic,Nova,15082,138,19,26,491.85,678.82
aa1c2332-1cd6-418e-8521-bbc2cbc666cf,toys,Zenith Doll Toy,Zenith,207,28,16,12,39.08,75.1
c11b1075-bf35-4ce4-a91f-6e47b64b1e6f,home_goods,Pulse Lamp Set,Pulse,4079,17,28,21,108.83,191.22
"2ea597ff-1644-417a-989a-3d5246125e95",furniture,Apex Fabric Desk,Apex,12102,81,6,7,243.99,338.34
a0a3671a-db26-4402-9d29-e745bcb06712,electronics,Apex Tablet P712,Apex,676,41,8,18,1059.47,1399.15
"72ceafbd-c7ce-419f-b653-b70c2359f35a",home_goods,Nimbus Vacuum - Classic,Nimbus,3099,84,5,23,65.6,124.42
"0e32b362-ef3e-4fe3-8c3c-3a876a966c38",books,Television reality,Apex,988,10,16,20,11.61,18.0
"831bf2f8-f34a-4538-a0f4-b743f8fdb224",toys,Pulse Board Game Toy,Pulse,465,7,21,25,36.93,82.98
b8baba59-0a22-443c-952e-028046c51020,toys,Crest Puzzle Toy,Crest,211,12,28,28,4.81,11.29
"980b4a64-e2cc-436e-b5e5-233538f0ab70",electronics,Crest P347 Monitor,Crest,2139,38,6,19,718.48,938.51
"5c2ec21b-35fd-471d-a0e6-0dba1e359e42",toys,Apex RC Car (Green),Apex,784,28,13,19,16.66,31.15
"9cd21882-69ab-4cc9-adec-81cca84295d9",electronics,Nova Smartwatch S463,Nova,2450,44,27,27,1324.61,1620.0
"5943bd30-599f-49a5-bcca-6837455359f3",auto,Nimbus Tool Set M556,Nimbus,12848,34,27,15,171.55,217.63
"03781e64-d096-459a-a3f2-eae7af73b2b1",electronics,Apex Bluetooth Speaker M457,Apex,4517,46,17,18,767.55,896.21
"4581702a-ff77-4680-a889-32b038b266d5",toys,Zenith Doll (Beige),Zenith,593,6,24,9,18.68,42.19
"2a4c3ab8-8d78-43f6-a247-2818fcf63e02",home_goods,Orion Vacuum Set,Orion,4404,70,12,17,16.19,35.67
"09bdb1f5-d516-4b56-8222-58ec8675a696",home_goods,Vertex Lamp Set,Vertex,3724,42,10,21,72.5,122.43
c7a70775-ce53-4f1a-90cd-f969b58c8893,fashion,Vertex Minimal Backpack,Vertex,753,39,16,22,24.08,87.53
e90ed53f-bf91-4d1d-b811-d71d767d5f1e,electronics,Nimbus P352 Camera,Nimbus,1393,31,19,17,1199.07,1343.97
"5b6900a7-d97c-46d1-9063-3f4231e0b981",furniture,Pulse Oak Sofa,Pulse,7098,106,19,26,222.68,291.68
d57487cb-18af-4169-9732-ff90da025c54,fashion,Vertex Sneakers (Green),Vertex,631,45,24,11,12.23,32.91
e4847a32-6bfa-4bf0-b0c3-0eacaf64eee8,auto,Zenith Dash Cam X936,Zenith,4101,21,29,14,50.24,59.6
"8a7bcd52-5019-4e67-88f7-2c368d5c83c9",electronics,Nova M880 Headphones,Nova,4701,34,24,8,894.94,1127.69
"0ea76531-4ff3-4af7-b727-41eab439f469",furniture,Nova Desk - Modern,Nova,35220,193,19,7,122.89,209.49
"8688454c-cd9b-47e9-a032-a543bc22b953",fashion,Pulse Minimal Dress,Pulse,775,29,26,6,101.99,283.71
d609b621-d5b0-4f14-bb1d-5705b31d3988,toys,Crest Doll (Black),Crest,865,10,28,25,25.91,48.67
a164ff8f-b83d-4bf8-88d5-0633633be468,electronics,Orion A635 Smartwatch,Orion,219,45,29,25,1196.01,1581.24
"51ababdf-f73f-49da-8d15-49790a59311a",furniture,Nova Bookshelf - Classic,Nova,26368,99,13,29,147.65,329.27
"4f58940b-78a0-44d5-9d73-156bfdb8e8e8",electronics,Crest A333 Bluetooth Speaker,Crest,1644,38,19,19,1213.86,1616.87
"791832f0-6c6a-4e3e-b121-5066c782125a",home_goods,Nova Knife Set Set,Nova,4147,29,25,29,10.9,25.98
b8118caf-8172-4190-9b7f-a3a2974e27e7,home_goods,Nimbus Bedding Set,Nimbus,1604,29,7,26,58.88,104.97
"8d178840-c743-43f3-b226-86d5260fbdef",fashion,Pulse Modern Hoodie,Pulse,356,22,28,25,66.63,200.57
"347a8969-8815-4594-8bd3-8d7ceba3f0ba",fashion,Orion Modern Dress,Orion,553,37,18,27,51.52,159.22
aa3994b4-4bed-4de5-851a-d8f9c7d476a5,electronics,Nimbus Tablet S986,Nimbus,4614,17,23,10,1085.41,1238.56
"1846b491-cb95-4bdf-8af4-c08016061b68",books,Inside show deep fight,Crest,397,23,14,15,22.56,39.87
ef744048-f76e-4b89-ad06-2a2bdfc83b04,books,Goal experience position avoid population,Pulse,229,17,29,16,29.6,42.87
"67c471fe-5daa-4ce9-a8eb-60c9e99de990",electronics,Crest Bluetooth Speaker M123,Crest,3557,26,25,27,1663.22,1889.22
"948595a5-c2ff-4eb1-acb7-d6a5ce1e0ca1",electronics,Nimbus A984 Headphones,Nimbus,4885,46,14,27,718.28,935.11
"20e1c7cb-146e-4949-843e-483a5dbb682f",books,Attack note technology return majority: Within home traditional right,Zenith,391,20,15,8,16.11,25.44
c73a173b-5202-4018-8544-09425d9835b7,home_goods,Nova Air Purifier Set,Nova,3474,95,18,10,30.1,65.05
b5d89923-9866-4698-bfa7-e9a587228371,toys,Nova Building Blocks Toy,Nova,825,26,25,25,6.56,14.72
f829da0b-96c5-4fcd-aeef-79d6959c119a,auto,Vertex Seat Cover M981,Vertex,18299,64,7,15,183.68,242.36
"415911fe-34d5-405c-abdb-dd6e951e1dac",electronics,Nimbus Tablet S150,Nimbus,3831,33,20,9,1194.54,1406.79
ce0d2754-41c8-457b-8e3e-b6d3c23f14ff,home_goods,Nova Knife Set Set,Nova,1582,28,23,13,38.92,82.2
afb67cd1-96ee-484c-9a77-65ba201e9e79,toys,Apex Building Blocks (Black),Apex,964,14,18,17,13.46,26.83
a5d2faa0-2b68-4a6b-acf8-0c0c685e5d30,auto,Nova Seat Cover S720,Nova,9251,87,24,17,337.94,408.32
c1fbed76-6837-4d85-88be-7dab91d78832,furniture,Apex Leather Chair,Apex,15672,53,23,7,292.13,373.07
"5705075d-c895-4808-8f5f-5914e89b0168",fashion,Zenith Cozy Jacket,Zenith,807,30,13,19,61.2,140.98
"8c2cd40a-1f7b-48ec-a5c3-6f01ac8ae828",electronics,Pulse X305 Headphones,Pulse,2417,40,13,20,1259.63,1617.16
e256595c-a3d1-4a5b-8775-58c3027f6dc5,books,Itself authority white budget management,Crest,297,10,24,26,13.21,21.6
"87e7285a-b29d-4aaf-a7ab-fe8246818398",auto,Nimbus Dash Cam X623,Nimbus,17118,92,16,12,137.89,197.46
a157568d-eaf1-4d2c-9f67-2b3a75f488fb,furniture,Orion Desk - Industrial,Orion,37625,189,18,8,179.15,247.74
afa28fb0-4d8d-475f-b65e-7dd0314e5838,furniture,Pulse Oak Desk,Pulse,5983,78,7,12,390.54,540.78
d9a0ee84-0089-4e1a-9b6c-9667b1da97d7,toys,Vertex Puzzle Toy,Vertex,497,10,7,29,35.66,66.37
"7f3c9f9a-ae1f-4f28-a0ce-a22a88e93bf4",electronics,Vertex X580 Monitor,Vertex,2785,23,15,9,1349.75,1777.59
e98c9f08-645d-4b0a-9e76-df1b8aa05d6d,books,Near animal wear,Nimbus,968,16,11,28,17.42,27.35
c66b7334-1fcc-46ab-8cce-b688b8e1293d,furniture,Vertex Bookshelf - Industrial,Vertex,5705,160,22,28,168.47,405.18
dc2ee962-d30b-4a3e-bf37-65c262607506,auto,Vertex Car Charger Kit (S482),Vertex,19000,37,24,29,282.27,385.31
"1dda1a0d-9d12-4517-b7cc-a5849755de17",auto,Vertex Car Charger S609,Vertex,9664,62,6,22,131.98,155.99
"984c5224-5708-490f-8972-7c528bafd243",electronics,Crest Camera X919,Crest,737,18,11,8,196.58,227.46
d5a7b7c8-5c53-45dd-8371-a687e14f4952,home_goods,Nimbus Knife Set - Cozy,Nimbus,4657,59,18,18,58.84,107.83
"619825a5-f21a-4895-b48e-d8bdd89ad18b",auto,Nimbus Car Charger S614,Nimbus,8834,92,27,12,242.44,320.1
df6abfa9-813c-468b-b5a0-822c26a974a7,fashion,Nova Jacket (Black),Nova,445,34,29,19,10.09,33.7
"1d994691-81c0-4248-94b9-016e4288f213",auto,Nova Tool Set Kit (P922),Nova,1173,58,10,28,274.18,334.49
ae872eb9-31e6-4893-8cd6-b0a24ba0538f,auto,Crest Tire Inflator Kit (P734),Crest,11357,14,20,16,253.67,386.05
fb237894-a54e-43d5-9feb-cf11b8e9121c,home_goods,Crest Vacuum - Modern,Crest,4079,57,21,11,38.91,67.99
"52c8e376-4cf4-41da-bc9d-40bfe8c6ca4f",home_goods,Vertex Bedding - Modern,Vertex,3484,82,28,24,93.02,161.98
"08d0cfd6-6fdf-4572-8488-6ce436715945",auto,Apex Car Charger Kit (P801),Apex,2900,33,23,22,354.38,490.29
b1ae7b99-480d-443d-ab14-a773cfa1b73d,auto,Pulse Tool Set Kit (X482),Pulse,9079,87,14,26,282.0,353.97
"79b1d7d8-6348-4fe3-a3c4-14f628c31c65",fashion,Apex Hoodie (Black),Apex,589,34,5,17,23.4,82.5
"38a5b911-2ac5-4dfb-8f3e-d6c85d989f6c",books,True start real,Orion,711,15,13,19,13.33,21.37
"23bbbc0a-4840-4aee-846c-4754c72e7eda",auto,Zenith Dash Cam Kit (P638),Zenith,4632,84,8,17,184.94,270.23
d9b15500-142f-469a-919f-4a95a3298e1f,furniture,Crest Bookshelf - Modern,Crest,44690,88,17,23,328.28,608.99
c9b2a745-081b-4fc3-81f9-94a04e5ecdc9,electronics,Orion Tablet X732,Orion,1984,44,7,28,1537.42,1900.88
"369257dc-0a43-498f-919c-0ef30ffd1df6",home_goods,Orion Lamp Set,Orion,1699,25,28,5,74.36,148.38
"4084dcd7-f74e-42ac-b21a-5557aad582ac",books,Source project alone image: For or top,Nimbus,396,20,21,10,30.14,44.08
c4fb81af-99f5-4329-b5b5-3cc79494fdad,auto,Nimbus Dash Cam M385,Nimbus,11182,76,8,10,141.79,205.34
"55a743f0-2d6a-43bf-8dee-14243bce6ac4",fashion,Zenith Hoodie (Green),Zenith,396,41,10,23,24.3,94.31
b6dc7fd0-0b5d-4e33-8189-b0994efba714,toys,Orion Puzzle Toy,Orion,853,23,23,18,16.88,42.97
d3dd31c3-b005-4773-8ee5-e9d48b916f8c,electronics,Apex M824 Monitor,Apex,1350,47,7,27,1482.61,1868.92
c05ea7ac-3a78-4ee4-9630-5a7776282eb1,electronics,Crest Smartwatch S433,Crest,3197,20,23,19,918.41,1185.56
"87d96539-ce05-4085-b5ac-a95549af6fc0",fashion,Nimbus Hoodie (Black),Nimbus,386,59,27,24,51.79,176.49
c3ca3322-fd40-4fca-a1a6-fbc9c7a902bf,toys,Nova RC Car Toy,Nova,899,20,29,11,30.89,59.0
aa62e410-96d0-4833-a1ae-161e28dbe95f,fashion,Orion Cozy Hoodie,Orion,807,32,13,18,43.36,124.21
"2f81ca81-55d2-40a0-b903-835f4aa725cb",fashion,Nimbus Classic Sneakers,Nimbus,131,30,8,23,28.58,102.35
"7023205d-05e2-425f-87f4-6024fef694d8",auto,Nova Dash Cam A933,Nova,16619,95,8,26,245.67,364.64
de535a7a-c4cc-42ad-88c4-582e47cb5cbf,auto,Nova Seat Cover X120,Nova,9115,42,11,15,92.48,123.22
"291d39dd-9122-4ada-89c4-82f5b011b3cb",auto,Vertex Tire Inflator S231,Vertex,17207,89,25,17,148.73,197.94
"95e16ca5-1b0c-4e7c-948d-6d78cb011f55",auto,Vertex Dash Cam A919,Vertex,16653,49,10,21,54.62,74.21
"96acf49a-d1ca-4c38-bfd8-0b73a7aed37d",fashion,Nova Modern Hoodie,Nova,465,40,12,6,104.2,289.73
"2082c692-cb4a-496d-8546-d81680867446",books,Success degree,Zenith,334,12,7,10,20.06,31.41
"49f91b38-1e3a-4121-aa75-d3147231c10a",electronics,Pulse X703 Monitor,Pulse,4291,13,11,25,732.52,921.87
"98789def-520f-4bb0-acef-6328fa6c7b40",books,Itself entire,Nimbus,331,13,19,19,17.41,31.5
"2afd9d62-18b1-408f-acb0-c08207306996",fashion,Zenith Jacket (White),Zenith,795,34,21,5,23.59,65.14
"4e9ba163-51c3-4d77-a827-456ac164ed56",home_goods,Crest Knife Set - Classic,Crest,1838,17,6,15,53.4,95.84
"66583706-4cfb-4470-969e-e476dc6eef24",fashion,Orion Jacket (Black),Orion,900,38,11,12,80.85,189.46
cc646824-ec6b-41ba-8d71-8f626cb45dfc,books,Mission draw air: Reflect seat guess,Pulse,600,11,7,13,12.69,21.81
a5f2dcdd-de4d-41d3-be1e-2d57af631f8d,furniture,Orion Oak Bookshelf,Orion,12764,127,23,23,262.92,401.14
"2cb3f563-81d1-45de-80c2-22297780768f",fashion,Pulse Sneakers (Beige),Pulse,313,27,8,26,73.15,272.2
"695c07db-683f-4ada-a9c4-f6cbcce962ee",auto,Orion Dash Cam Kit (S637),Orion,8840,70,8,6,239.84,315.1
"2a415882-96fc-4d1c-a758-0473f910a8f2",fashion,Zenith Sneakers (Blue),Zenith,639,41,26,10,15.89,61.15
f9848225-174d-469b-aa08-5ce6482b40eb,fashion,Apex Sneakers (Green),Apex,455,42,10,7,15.41,46.94
d4586542-73e0-4b21-a8e0-04b51aee09ea,toys,Nimbus RC Car (White),Nimbus,850,28,15,23,46.16,88.86
"0934e908-3f0e-4833-83a7-12fed0667089",auto,Vertex Tool Set X868,Vertex,6409,62,21,11,310.92,405.23
"179ad5fc-34e3-4624-81c3-7f428af54d46",books,Choose real me sit future: Sound half war visit keep explain,Crest,202,10,24,21,19.09,27.73
f8ed1e0c-39f2-4464-83df-0ccdefd76c60,furniture,Nova Fabric Desk,Nova,14257,193,24,21,61.3,117.62
"7cf3b1c8-5c27-4021-99cd-348ec56e2474",electronics,Zenith X272 Monitor,Zenith,2412,29,9,16,1064.83,1241.27
f7c928fc-3ec3-4d9a-a508-334b38679778,fashion,Nova Minimal Sneakers,Nova,237,27,6,5,44.5,162.17
c365df19-47ae-421d-8249-51a7d8939ce7,furniture,Orion Chair - Modern,Orion,45249,135,22,10,84.28,197.85
"80478aed-bac1-450d-b9c7-7b1605df15c3",furniture,Nimbus Desk - Minimal,Nimbus,31022,182,22,25,168.59,255.11
"6fd0e433-8196-42e9-9101-12604cb469c5",toys,Zenith Board Game (Blue),Zenith,390,13,29,13,16.53,37.23
"59597d46-8218-4f99-83cb-ffa5df98bc1e",fashion,Apex Classic Backpack,Apex,842,41,24,22,32.56,77.87
"9c9bcc6d-f82e-48d3-a65e-e74102896ec5",toys,Zenith Doll Toy,Zenith,362,20,13,11,20.83,46.77
f82b04eb-4ce3-4bd2-a341-53c7f526c72b,furniture,Nova Leather Chair,Nova,12435,141,19,11,131.19,169.98
"3cbd0b92-8325-42cd-9795-797febd4108c",electronics,Zenith Headphones A200,Zenith,815,21,28,15,905.78,1204.31
b58048a2-abd5-4147-b4ec-d39cb6c4927c,auto,Crest Seat Cover X888,Crest,11314,60,19,7,321.37,432.83
"40355ab3-9e99-4737-9267-6b0657a058f1",furniture,Pulse Chair - Minimal,Pulse,5142,105,29,9,224.83,436.13
d0eb0fde-00f4-4096-8fbb-fde7a9e4d95b,home_goods,Orion Lamp - Classic,Orion,552,69,18,29,52.73,102.06
"65d33291-eaba-47a5-bd47-22ea76f2e18d",electronics,Nova X644 Smartwatch,Nova,1860,26,18,15,942.38,1252.36
"1ba4878b-e6bd-45e5-8855-c6086606b321",auto,Apex Tire Inflator X899,Apex,2852,58,10,14,349.75,447.43
b9a85ff0-c820-4636-b712-1ac091ae3bed,home_goods,Nimbus Knife Set - Classic,Nimbus,4487,93,15,25,47.18,82.08
ed020ae9-0316-45f4-bf2c-ad7e08dfd5d1,fashion,Pulse Industrial Sneakers,Pulse,220,26,20,5,50.06,153.59
"1523c831-3876-4305-b28e-c85a7eac985a",electronics,Nimbus Headphones A503,Nimbus,3195,40,10,9,1292.55,1565.45
d0f608bc-e4b8-46b8-b9fd-126b00894e3d,electronics,Zenith Smartwatch X653,Zenith,3562,40,11,11,650.64,732.33
fa3f67e6-866d-4f2a-be11-7447ab91c4bb,books,Very manager cold bad style,Orion,413,15,28,27,14.66,27.66
"1e9aaa73-ecf7-4aa4-b974-f3f9f828829e",auto,Vertex Dash Cam X743,Vertex,5345,10,16,13,114.38,142.25
"0c9d5887-7f0f-42bc-91ad-1f7c5da4bde8",home_goods,Vertex Vacuum Set,Vertex,1998,12,14,28,6.34,11.22
e161f2f6-892e-4a51-9ebd-a5e279b97a0e,home_goods,Zenith Bedding - Cozy,Zenith,3013,46,7,19,70.99,120.3
"0ceb7886-92e4-445c-9b69-b33c7e5c0558",books,Shake whole stay,Crest,515,17,16,26,14.29,28.09
ee73dffc-1123-47d9-a744-fa7157d140ef,electronics,Orion Smartwatch X711,Orion,1765,43,28,9,1692.0,1952.96
"793d5c3e-3120-4d60-af36-3da05a6016ee",auto,Apex Dash Cam A399,Apex,14569,68,14,15,122.06,160.68
b94bf163-3631-4c6e-b998-765d710195ee,toys,Nova Building Blocks (Black),Nova,945,14,10,9,20.58,51.62
"7cf98a06-6710-48f2-89db-b70aa58a9590",fashion,Crest Classic Hoodie,Crest,637,36,14,23,71.7,233.42
"2c831dd9-b25d-4518-941c-11b3a21f50ee",toys,Apex Building Blocks Toy,Apex,758,12,9,9,38.96,82.63
"990edc8f-a31f-410a-8fec-60d02301dc11",toys,Crest Board Game (Red),Crest,869,21,17,22,36.51,71.14
dbcd1c3f-74e2-46af-8ce7-120b56365263,toys,Zenith RC Car Toy,Zenith,989,5,13,29,13.82,31.52
"23d9af6f-1655-40c7-a477-2ab86790710d",furniture,Nimbus Walnut Desk,Nimbus,10950,84,24,11,115.59,228.55
"103829de-0c63-45e9-af3f-ab1b14eaca1f",books,Deal in foreign land: Cause interview ready girl,Nova,585,17,28,15,21.09,37.49
ea0acfc7-181f-4692-a570-df2d8dbe3014,toys,Orion Puzzle (Red),Orion,897,9,9,6,28.34,52.05
"82d8bb1c-b911-4add-bdef-1cc1ec594d8c",toys,Apex Puzzle (Black),Apex,246,8,20,28,6.93,13.68
"0d464927-080a-4fda-9b61-c58b6505fdaa",books,Pressure of one dream edge: Cup late where,Nimbus,222,17,17,10,26.02,47.31
"649b40f1-20f7-4cde-af92-404ab1000b8f",furniture,Crest Coffee Table - Minimal,Crest,14066,106,20,12,288.38,629.78
"6efd591c-6de5-443a-ba5b-d75e9581057e",fashion,Nimbus Classic Hoodie,Nimbus,583,32,29,24,61.78,244.51
"03ed7691-8a0c-4b6b-8ac7-300b8baf02ae",home_goods,Crest Bedding Set,Crest,3739,27,9,14,94.7,186.71
fff23255-c364-4b86-a1bf-9a22052d62db,electronics,Crest Monitor M805,Crest,1662,30,26,8,623.74,736.59
"2ce81613-a794-41ad-84e7-a4d0af19e722",home_goods,Orion Vacuum Set,Orion,2832,72,15,28,63.88,142.93
"5fff4909-ed1d-4422-994b-88c998145cf2",toys,Apex RC Car Toy,Apex,622,6,9,13,17.74,38.06
"8e93bd79-7e37-415e-bcec-b1055064f49b",home_goods,Orion Bedding - Industrial,Orion,4937,74,8,29,68.31,141.22
"272d828d-6382-4288-a800-dce84de698bf",home_goods,Nimbus Knife Set Set,Nimbus,4417,77,14,10,65.94,150.61
d3ec3a33-1e11-4d45-b5d7-a86c9bfff9f0,home_goods,Nova Knife Set - Cozy,Nova,3669,78,19,22,11.18,25.93
"3a634b6e-1f78-483c-af7e-259d54d83f80",furniture,Apex Desk - Modern,Apex,16769,128,8,10,477.86,722.96
c76cbb1c-88eb-46d0-91b5-52237d296052,fashion,Apex Industrial Jacket,Apex,193,33,10,20,80.03,293.23
a9c0b743-7ca2-459c-8d4b-1505c7467e69,furniture,Crest Chair - Modern,Crest,12252,92,10,23,293.67,663.61
"1a995eba-58e5-4144-8531-1d1bb749a65a",auto,Vertex Tire Inflator Kit (S427),Vertex,9951,13,10,22,243.86,317.58
"7134bde0-49fb-4d25-b72b-9ac5174cc226",furniture,Nova Sofa - Industrial,Nova,6854,73,22,16,202.57,266.86
"0904ba8c-1f71-4fa7-af6e-977db4d9cee5",furniture,Apex Oak Bookshelf,Apex,25636,114,8,10,224.83,321.82
"529f2512-af30-41d2-9006-af5de79280fb",home_goods,Nimbus Knife Set - Modern,Nimbus,1047,22,21,22,19.64,40.99
"172cf139-2483-4e1a-88ce-a996d1150724",books,Ahead real short: Both need almost old me father politics,Crest,753,11,21,6,16.67,25.93
"0c2d7d9d-784f-4088-8684-03235fe7d8bf",books,Southern protect deal short our,Orion,272,22,5,7,19.62,37.67
e1170058-4032-42c3-9b07-e419a31e81f1,home_goods,Nimbus Vacuum Set,Nimbus,4004,40,20,26,73.54,145.53
"31ced7c1-7090-4680-9198-4f83dde26e9d",fashion,Nova Dress (Blue),Nova,857,56,6,20,10.33,23.18
"2e20c0d7-d1a1-411b-8328-30bde9245b19",auto,Nova Dash Cam Kit (P120),Nova,3063,30,22,14,228.47,319.84
"59cfde9c-2ab9-4dc9-82ad-a66e9ac3af6d",auto,Vertex Tool Set X567,Vertex,9411,99,15,11,153.45,184.0
b701def7-8832-4b67-ab94-1fb2d11da593,furniture,Pulse Chair - Industrial,Pulse,21637,165,22,28,598.63,973.43
"62362890-e12e-4933-93d5-bd775c085a8c",toys,Nova Puzzle Toy,Nova,301,22,26,18,34.52,63.95
"48f5f5f2-ab89-46bd-8c6b-c127af28a6ff",home_goods,Pulse Air Purifier - Classic,Pulse,1714,63,21,14,88.06,151.25
dc779231-49a8-4e79-a7b6-b481cd1f820b,books,Involve music or poor: Parent here medical shoulder,Crest,419,19,11,23,19.03,27.79
bf1959e4-f29f-44f2-8060-2c2b62d181cb,furniture,Crest Desk - Classic,Crest,26062,141,27,20,162.49,303.66
"4f87347b-ed94-4d55-aa7e-53bf722934e8",fashion,Orion Dress (White),Orion,101,28,11,19,16.54,44.04
"0163bd12-2958-470d-b906-3079e97cb0af",toys,Pulse Puzzle Toy,Pulse,898,23,6,18,28.17,70.31
"32d2b2f8-cfb2-409f-b2f8-f7c2e4d63e2f",electronics,Vertex Camera P918,Vertex,356,23,13,8,1039.2,1349.82
"3ec670bc-c8f0-4a54-b51e-898aa06682d2",auto,Nova Car Charger Kit (M192),Nova,9796,27,28,19,162.54,192.85
ac348ed4-95bb-4ec0-ad10-d5ec32154fae,fashion,Orion Dress (Green),Orion,966,44,20,16,89.03,211.03
b5bd9646-83fb-48a5-a9c0-847fe44d8360,toys,Nova RC Car Toy,Nova,233,26,5,23,10.5,26.33
d5ab52be-4902-40e0-8f01-04397e291d00,books,Space heart son,Orion,904,23,25,23,26.1,48.91
"433ec838-c0be-4cda-9d88-bb340fd3aef8",books,Who relationship show conference: Claim political these quality mean,Pulse,297,12,22,17,24.59,43.58
"0527716f-af82-44d7-8f71-5dba2d4462db",auto,Pulse Seat Cover Kit (X832),Pulse,13086,87,20,14,225.61,265.58
d4aac103-32ff-4ad5-adeb-8cb9450c75ec,home_goods,Pulse Vacuum - Modern,Pulse,539,26,24,21,51.97,127.51
bd6ffedf-e133-4302-a73b-dcc4b9f58a32,books,Pretty study marriage ever: Back hold cell establish whose interesting,Zenith,762,11,22,15,7.57,14.64
"3b4330b9-5a43-425c-8d25-d18e74e3fb11",electronics,Orion Smartwatch M712,Orion,2394,27,5,10,626.91,816.69
f84746af-25dc-4d8d-8cf8-479119c4bee4,home_goods,Nova Air Purifier - Classic,Nova,2110,62,21,11,93.61,163.23
"95a0eedc-7e2a-491b-9193-6154af5884a3",toys,Nimbus Doll Toy,Nimbus,860,6,23,24,8.4,18.72
e130d6b9-1090-4815-ad65-e1cf8dde4e9f,books,Others arrive would,Apex,301,20,20,11,6.16,12.24
"8e68e542-5be5-44e4-952f-29074b0f1131",auto,Crest Tool Set X391,Crest,9943,18,29,26,93.58,116.39
f4b3ce27-568d-4c33-9248-6c314635f80a,toys,Nimbus Doll Toy,Nimbus,788,18,27,10,15.45,28.71
a49c4df6-687f-4405-af9d-96b4ecc24b14,books,Sit campaign eye home,Nimbus,219,18,14,16,10.37,18.97
"8b4be91c-e262-49a8-8136-1fd2a37eec86",auto,Pulse Seat Cover S627,Pulse,8945,97,20,19,106.14,145.81
"0a89bdc5-033d-46c1-af6f-2863785809bd",electronics,Nova X118 Smartwatch,Nova,2856,25,18,5,909.68,1198.9
"45b7ac5e-9809-44df-b394-345fcf26a49d",books,Whole share experience exactly itself: Choice attack remember present,Orion,508,13,22,19,23.15,38.49
"4a4d15b1-b9b0-49e1-881c-37a24cc030ad",home_goods,Zenith Knife Set - Industrial,Zenith,3207,70,7,18,21.9,41.7
"3133a3ac-b837-449d-bdc4-1c5e5c19e25c",books,Office free,Apex,512,10,5,5,25.69,44.09
"834a0219-70ef-45fe-a752-a374543b0c9b",auto,Zenith Tool Set X456,Zenith,4249,35,16,24,54.33,78.22
ac145046-2764-47a2-959e-5cb0e53caaf2,books,Financial difference test: Financial structure woman eat record assume,Zenith,493,19,12,19,28.92,46.28
f2a0a21b-69c4-49f3-91cd-01b30925766b,auto,Nova Seat Cover X410,Nova,19586,66,29,17,394.8,470.75
"58d97eb7-8f83-44ce-9d53-c9666c32189e",books,Head should message would: Or worker toward,Nimbus,420,16,11,21,6.51,11.81
"34bb0d64-1b5f-4324-b59c-0c8a40c0bc5a",toys,Zenith RC Car (Beige),Zenith,808,27,16,18,35.7,93.27
"60bc9e30-d2ec-4856-a4db-28738a604116",books,Commercial for concern: Mother economic such,Crest,344,10,22,26,6.93,13.15
f6557fe8-9ad5-4dc4-83f5-ae1bdd749928,home_goods,Vertex Vacuum - Industrial,Vertex,1096,28,23,22,53.46,122.82
d08ce96e-94cc-401f-b384-a11e06cfe6b6,fashion,Vertex Cozy Dress,Vertex,122,59,5,5,70.88,196.21
bc83c6e1-775c-4880-951a-36aa9b746b8b,fashion,Orion Jacket (Black),Orion,657,56,7,17,12.65,42.88
b08835df-2cea-4ce0-a06c-5f98500bac5e,furniture,Apex Steel Sofa,Apex,11056,106,25,18,75.09,164.82
"0a2c005b-d1e8-47f9-b707-aa1d52095e2f",home_goods,Pulse Bedding - Cozy,Pulse,1268,66,5,15,41.64,96.84
"121ceee8-e723-47ab-8951-0fd669da5b25",toys,Zenith Building Blocks Toy,Zenith,811,27,23,21,29.48,72.36
"7e68ff8d-65a3-4076-a51a-5c7288dfce40",toys,Zenith Building Blocks Toy,Zenith,564,26,14,25,30.78,59.46
"9934a606-dbf1-436e-8d96-c5c5a79593a8",toys,Crest Puzzle Toy,Crest,571,6,6,19,21.04,52.89
bbb1c423-64a3-4d8a-b2d7-6a6b531b9847,books,Sort nice goal father year: Describe approach note,Vertex,589,17,7,11,13.72,21.14
"707a0f16-bebb-43cb-9eb8-855fd211695c",fashion,Nimbus Modern Jacket,Nimbus,773,35,19,10,20.43,63.16
"82127cc3-efa9-4e6c-9f3f-7811cb657622",fashion,Nimbus Modern Backpack,Nimbus,187,44,9,17,12.66,35.71
c5268202-938c-42d5-88f1-3812eab8e9a3,fashion,Crest Industrial Dress,Crest,673,38,13,12,29.86,88.52
"95439579-e05b-41f1-8827-b6d78311cbb0",electronics,Vertex X445 Tablet,Vertex,2834,39,18,14,1601.51,1966.83
"4a1bcfca-0aff-44c8-9b90-ddc442cc7170",toys,Pulse Puzzle (Black),Pulse,829,15,26,28,12.79,24.14
"365e69f0-1cf0-49ec-8dc1-a60631c0c9ab",home_goods,Nova Knife Set Set,Nova,3503,57,28,9,12.26,30.06
cf20da42-fec3-4f09-ab36-da4891c9c45e,auto,Vertex Seat Cover Kit (S414),Vertex,8860,93,27,10,222.31,300.2
"27374574-1dae-4560-9ec1-f813cf39065e",auto,Nova Car Charger Kit (M869),Nova,16810,76,17,19,231.52,316.8
e160b473-ff76-460a-b61d-460d6bd37afc,toys,Crest RC Car (Green),Crest,798,28,19,29,18.4,51.83
"1234dfa0-aff9-449f-ad80-41f1a5717bd9",auto,Vertex Dash Cam Kit (A558),Vertex,3045,16,9,14,236.45,289.62
b38e9706-e191-4c18-a1bd-949f406801ce,books,Take doctor region,Nova,649,19,16,12,5.47,10.93
"31aaee96-74c0-4650-8d5c-fd26455f2b63",toys,Zenith RC Car (White),Zenith,182,10,9,28,38.11,79.5
"8ae8b36e-0c9f-4515-bf20-3ed2073b888e",books,Technology these dog: Among magazine should money enter run,Vertex,672,20,24,11,18.61,36.83
c254250a-35a8-44cc-a19a-43706a0ca156,fashion,Crest Modern Dress,Crest,724,39,22,26,55.26,124.97
a991ebdb-00eb-4684-95fa-bcfd84bfc13f,toys,Orion RC Car (Blue),Orion,197,7,16,5,25.54,47.37
"9afff2fd-6d01-494f-9777-d258e2ffa3be",books,Financial nothing crime few,Vertex,288,19,15,21,12.14,21.22
"42cf9a63-513b-404d-b002-acd7660ad506",electronics,Nova Camera X287,Nova,4313,30,7,8,1401.45,1755.22
d6ee3c5f-1a66-4ab5-af67-07c4dace4a12,furniture,Nimbus Bookshelf - Cozy,Nimbus,27960,143,18,24,394.91,721.26
e004cc21-e443-4271-994e-42fdcaa60dbc,fashion,Nimbus Modern Jacket,Nimbus,431,57,15,14,68.94,188.29
"200aa5b0-989d-474e-b6f3-6b70bf8b70cd",toys,Nova Board Game Toy,Nova,776,24,15,5,7.92,16.66
ec01a692-62e4-4803-80bf-bf7ad3c5d842,fashion,Crest Dress (Red),Crest,770,52,13,10,53.82,186.65
ef9796f9-86c2-442b-9ead-8ed46363f12f,auto,Nova Car Charger Kit (P511),Nova,7032,88,12,14,276.15,404.61
c957c3d4-adbd-47e0-bf5d-a377a32c94cd,furniture,Zenith Chair - Minimal,Zenith,24165,140,12,14,84.49,105.83
"8c60f125-6ea5-42da-86bd-5b8ac5a0a205",home_goods,Nimbus Knife Set - Minimal,Nimbus,748,40,19,28,44.73,85.18
b4969327-f370-445b-adfc-c51ad5e43ada,fashion,Apex Minimal Sneakers,Apex,129,39,20,22,82.59,256.74
"77b8fece-9f43-4b1f-a8ff-536d98504b17",home_goods,Apex Air Purifier Set,Apex,1047,77,7,17,89.31,157.13
f8a296f1-07e5-4d0c-b44f-b92624228a0a,toys,Apex Building Blocks Toy,Apex,214,25,15,23,10.0,19.07
"9584f7a6-c8db-4f86-b713-28fa9b636642",electronics,Nimbus Camera M807,Nimbus,1431,14,16,5,368.34,443.19
febf6661-b5b4-4657-a727-51619e90f1ef,auto,Nimbus Tire Inflator Kit (S736),Nimbus,13397,62,6,22,220.58,291.32
"58f35ae8-4ed8-4ec2-beb2-a33314960f3a",books,Compare reveal during,Zenith,452,16,7,29,15.91,31.65
"32b1964c-459c-4163-87d5-caa8212a3bb3",home_goods,Zenith Bedding - Classic,Zenith,1031,76,22,29,64.18,113.35
"150b67e8-8094-497a-b2d9-f3943867a4f5",home_goods,Pulse Air Purifier - Industrial,Pulse,4224,58,13,11,15.25,28.07
e00acc9e-903f-4944-b7b8-17f541001a82,auto,Nova Seat Cover Kit (S991),Nova,9933,89,15,27,87.04,124.19
"8b7aa84f-bd07-4221-8925-1363654a36ca",books,Themselves him model even: Economy street middle attention do at,Apex,614,15,16,25,7.87,14.3
"03170516-6abe-4529-a41e-abf8ba10c3cd",furniture,Nimbus Sofa - Industrial,Nimbus,23998,68,29,27,179.46,234.32
e3ef8750-b3b2-4857-8c9f-6cb3837fdf73,electronics,Zenith Bluetooth Speaker M781,Zenith,848,33,6,14,1111.85,1343.38
"93789084-2a93-4116-9d13-cde5a8363a11",electronics,Apex X432 Smartwatch,Apex,1094,25,9,12,1028.67,1162.83
"5a24236a-d5c5-44c4-9f46-323807205095",auto,Pulse Dash Cam S122,Pulse,18871,48,29,8,233.63,296.27
"51a41e5b-2e25-41ec-bad7-14fe19330064",home_goods,Zenith Knife Set - Cozy,Zenith,1374,31,10,17,96.74,175.61
"2bc7d6f7-2003-4e79-80cd-87f474360b1a",fashion,Nova Minimal Hoodie,Nova,483,33,7,16,17.11,45.91
c6e8aa02-136a-4e4d-ab30-226181ff57a7,furniture,Apex Chair - Cozy,Apex,48725,176,7,24,531.6,861.42
"21258249-aeec-4fc7-baa4-e7f26617ecd8",auto,Nova Seat Cover M913,Nova,16020,83,19,27,252.25,312.0
"0a216c46-9bd4-4501-8018-fd41cc9b698e",books,Visit recently lawyer: Side threat environment offer,Vertex,402,14,6,6,12.31,22.07
e2ed7a52-d858-45d1-9fc2-affe82c6cecc,furniture,Nova Fabric Bookshelf,Nova,19138,109,26,12,313.25,462.1
"1e29fad9-1b00-4af9-a927-f33513eeef19",home_goods,Zenith Lamp - Minimal,Zenith,889,23,5,20,32.84,60.5
"3816ef41-30e5-4a03-9e76-f4e9c652bc6f",furniture,Nova Sofa - Minimal,Nova,28773,124,16,24,95.55,157.64
b827278d-63b2-4b32-bc11-7ca07b236903,toys,Apex Building Blocks (Black),Apex,577,17,26,21,18.55,39.36
a17559ee-db5e-4e74-bc5e-2616572a88d9,toys,Nimbus RC Car Toy,Nimbus,699,7,5,14,21.53,55.56
b15d4bcd-6960-4457-8705-09f6bec40169,fashion,Zenith Cozy Jacket,Zenith,810,26,25,14,50.89,151.92
dadf2f92-34fa-4386-ab7d-2be50c42d244,auto,Orion Car Charger Kit (A115),Orion,15699,40,8,14,158.99,211.22
a0c009f9-b6dd-423f-b4d4-f5cf7c3f2e4f,auto,Pulse Tool Set A371,Pulse,2238,37,5,17,387.53,495.42
a3ce8f3e-64b7-4902-8f7b-6a2d7688d50c,books,Effect course stock church speak,Crest,868,17,20,18,18.86,31.45
"6b5e4373-5a1c-4aaa-bbf4-2771d4620ef5",fashion,Orion Minimal Hoodie,Orion,193,25,5,17,18.08,50.86
ab165c9d-8200-4e19-91a4-625e377b219d,electronics,Nova A651 Monitor,Nova,4862,14,18,8,1470.95,1811.18
"2a3c4ed3-903a-484f-9fcc-a21b0f1e7d9c",auto,Zenith Dash Cam P250,Zenith,7040,80,16,23,392.45,480.4
"453ab2cf-c845-4f53-ba3e-b7e89427598e",fashion,Apex Sneakers (White),Apex,689,58,28,14,27.32,102.42
"2bb97ac6-06a2-406a-94d8-1817b875c170",toys,Apex Building Blocks (Blue),Apex,858,15,28,20,34.16,95.42
"9576c33c-1bf3-4db2-9d1d-54628ebc050a",auto,Pulse Tire Inflator Kit (S552),Pulse,1769,72,23,26,237.92,332.96
"4560fb15-3e85-477f-8806-70a28792a1f3",home_goods,Orion Knife Set - Cozy,Orion,1358,96,6,20,100.02,178.97
"6328f5ec-cdd2-4e1f-bdc1-75e25277a14e",books,My good with,Vertex,774,15,9,5,28.18,40.97
"0064e8b0-aafb-45c2-aff1-acb3fad11f25",toys,Nova Puzzle Toy,Nova,383,14,27,23,10.0,18.8
f275c671-f942-4145-8654-a0f1e12dbf18,furniture,Orion Fabric Sofa,Orion,12081,124,20,17,141.4,342.66
f5f039d2-69d1-4dd1-b733-7fc102a5fc36,furniture,Nova Chair - Classic,Nova,19097,190,12,16,100.05,132.54
"3271b0cc-031d-47f9-9f8f-0c3d15a18ef9",fashion,Zenith Backpack (White),Zenith,576,21,10,16,97.66,218.64
"9a70fda1-6101-477d-8ec7-efacd2c82ac0",auto,Nimbus Car Charger P458,Nimbus,1094,94,8,16,302.1,407.92
d7f93c6e-7bf9-4de3-92dd-4a0992e69a78,furniture,Zenith Steel Chair,Zenith,48165,60,11,23,230.7,349.23
"0c818be5-fbb3-4ce3-8101-79edb9d43b18",furniture,Apex Steel Coffee Table,Apex,35364,166,18,6,336.67,538.94
"361a9306-be26-450b-8590-4980e34bfda0",electronics,Orion Camera M848,Orion,896,15,27,11,180.45,226.65
"61683596-28f7-4036-99dc-be69f4114e51",toys,Crest Building Blocks (Green),Crest,927,10,29,5,42.61,77.8
"8a81f48b-0f04-4758-a912-e320addeb472",fashion,Nova Jacket (Red),Nova,187,38,8,13,16.47,42.87
"7ed95ef7-f989-4d78-a58f-ca94b9d18467",toys,Pulse Puzzle (Black),Pulse,258,21,24,11,18.07,38.21
"913efb13-5b35-43d3-88dc-c3c384bcf3e1",furniture,Orion Walnut Sofa,Orion,16120,53,21,20,340.36,619.91
"8cc145fb-fa56-44bf-bb91-b85c65e44c2b",furniture,Apex Leather Chair,Apex,32436,183,29,29,417.01,920.62
d0f9600c-1c90-404c-9868-fc0ac98c3892,electronics,Pulse X115 Bluetooth Speaker,Pulse,2868,46,20,16,795.53,1042.98
dc025ace-2021-49c5-b26c-b8d1bd086919,auto,Orion Seat Cover Kit (X990),Orion,1720,30,20,14,111.94,148.0
"6914ad9e-0d81-4fc4-9da6-0738f5ee955f",books,Happy deal even,Apex,950,16,8,11,13.73,24.88
"7361613a-9d89-468a-949f-dfbf9ee36b5f",books,Task store market federal: Five ahead should offer serious often,Crest,449,12,28,5,11.97,20.3
"629d8acc-6f83-46a0-91a6-55f99fb445f8",toys,Crest Doll (White),Crest,162,18,13,12,40.27,78.28
bfce1097-503b-4f5e-82b3-c94431add143,electronics,Zenith S648 Camera,Zenith,3627,48,16,10,124.04,160.59
"8179db80-b618-4a5a-aeae-d7f11a0d3b23",auto,Orion Tire Inflator M197,Orion,10591,55,7,16,215.17,270.75
fbddecea-a8b9-496d-a749-809644dd2c41,furniture,Pulse Chair - Cozy,Pulse,13346,61,19,8,190.81,299.28
"5f8354e2-e6cc-4a1e-9f7e-efadd9e4af22",toys,Nova RC Car Toy,Nova,938,21,8,15,36.51,77.19
cbe43b09-a159-443b-a7e8-629893cb7127,books,Data unit join,Nimbus,591,24,13,10,25.77,38.28
"708ac93c-bac5-4c22-8517-bbf20893cb9a",books,Party task teacher: Decide may tell or,Nova,374,12,17,16,18.67,29.16
"18cb4f09-54f3-478e-bddf-5605e2f4ad96",furniture,Nova Leather Coffee Table,Nova,36928,172,11,10,112.0,156.43
a14fac09-4010-44be-9055-9ed15ecf68a5,toys,Apex Puzzle (White),Apex,780,13,21,8,7.18,14.49
"4fd1e456-3e06-4853-b766-2cf2e8497761",electronics,Nova Camera A999,Nova,3158,33,12,7,881.8,1148.03
afb18d8b-2cfe-4266-ab25-c8da7d2de351,books,Animal face reach continue so,Apex,742,24,28,14,18.54,29.89
"7aa0eaa0-e7c0-4ab7-9326-05c54d7a7d76",auto,Pulse Tire Inflator Kit (M546),Pulse,12974,46,10,12,229.56,308.55
"8a35ddeb-e499-443a-ac2c-acee60a826fd",furniture,Nova Walnut Coffee Table,Nova,38819,196,8,18,113.6,214.87
cbf8aa64-9b97-4633-bb47-50c723da55bb,furniture,Nimbus Sofa - Modern,Nimbus,25528,73,25,26,450.86,812.03
"8b6bf4bf-6fa4-4ae7-a16f-51f87853026d",electronics,Vertex M929 Camera,Vertex,3417,41,26,7,191.28,227.57
c4a8372c-a980-4b30-a082-23357888b06c,auto,Orion Seat Cover Kit (S624),Orion,7856,61,21,24,55.33,79.49
"019d401f-3aa3-4f12-9a43-f8fb98e364d1",toys,Vertex RC Car (Beige),Vertex,717,6,23,23,31.46,71.29
"6b2e9a39-756b-4543-897c-3f106cf959ec",books,Tv apply window continue sound,Orion,235,16,22,17,12.46,19.26
f3807583-3625-4c43-b4ba-70adc60d86a7,fashion,Zenith Classic Backpack,Zenith,711,45,28,13,59.68,202.87
"08aaa958-24e8-4a9e-aad2-ebac92d3c8ff",auto,Zenith Tire Inflator S885,Zenith,17835,33,21,28,200.77,254.94
"7501a2a1-1b15-48df-a5b0-111b5c1b4ad7",auto,Vertex Car Charger P738,Vertex,1259,24,28,20,99.86,129.52
"74c18041-5cd0-4fc3-b2c3-fb6b9b969162",fashion,Orion Minimal Jacket,Orion,939,44,21,13,54.02,157.59
"938f3540-0e36-4831-97dd-182db978dc60",toys,Pulse Board Game Toy,Pulse,849,29,16,17,7.62,18.08
f7ae0b07-bf77-4eb9-8a49-0cbd253065da,books,Two throw,Nova,677,12,22,17,26.07,45.01
"1069642c-20c9-40a8-ab18-6dcfce00f087",toys,Nimbus Building Blocks (Green),Nimbus,286,24,10,24,30.25,64.56
"001e7507-54d2-438b-9da0-59f31c3dc9cc",home_goods,Nimbus Lamp - Classic,Nimbus,4252,40,13,27,49.34,103.23
"3b01f68f-055f-46cc-92b3-e3c39863480a",electronics,Apex X785 Bluetooth Speaker,Apex,3830,14,12,16,90.21,114.14
"48be949b-1636-4e89-917e-064932a2cfdf",home_goods,Apex Knife Set - Classic,Apex,3505,39,18,29,64.72,125.87
c280fa89-8476-41f6-86b8-cb228cfabcdf,books,Seat world: Thank own yet base we trouble,Zenith,918,24,11,28,20.12,33.59
cb52e121-c98e-4206-9612-5ab1dbc94f8a,toys,Vertex Puzzle Toy,Vertex,682,10,8,7,13.2,33.76
"3132c434-1b0b-49ff-9a2f-ee0b5feb7c19",electronics,Zenith S574 Camera,Zenith,2073,32,9,9,642.83,749.52
"8dd05b3f-c5b9-4b87-9634-573187f41048",fashion,Nimbus Backpack (White),Nimbus,515,53,28,28,61.66,161.18
"4245c185-02a4-4e0c-9d9b-bd525fac8e31",electronics,Crest Bluetooth Speaker P272,Crest,3024,10,24,16,1184.22,1525.36
"01e1d22c-a1e4-4b47-a1bb-be44bf516be8",auto,Nimbus Seat Cover Kit (P462),Nimbus,17281,60,10,27,276.16,372.5
"8a45318f-9c6e-45dd-84f7-eac1b2317755",books,Short activity: Reach suffer especially team concern money,Nova,413,15,29,9,30.22,48.55
"1fe6f757-68c2-4d53-872e-64ec28cca7e9",home_goods,Zenith Air Purifier - Minimal,Zenith,527,59,19,7,65.47,115.61
"6aea7f86-4c4e-4211-87f8-cdf01f87a588",auto,Nimbus Car Charger S991,Nimbus,17006,62,10,12,164.58,203.86
"5ce12399-11b0-4d43-b976-16efd859cc33",books,Off short develop,Pulse,343,13,13,29,12.98,24.07
"0c61474b-fa3f-4db6-ab7a-ef5cff932506",auto,Crest Tire Inflator S903,Crest,17404,15,27,10,98.48,135.94
bbe2f6d2-a635-4d09-b107-9014bf177e8b,books,Series question technology: Issue huge story,Zenith,694,11,18,15,16.6,25.49
"9002f79e-4cde-4d2f-88c1-33becf846ad5",home_goods,Apex Air Purifier Set,Apex,2919,54,22,19,37.36,83.12
"3ce8ea6d-86d8-40aa-abc2-eafe609ede25",home_goods,Crest Bedding Set,Crest,4068,12,20,18,80.28,182.92
"4f5eb651-8614-4663-a516-d4ac5471517b",furniture,Vertex Fabric Chair,Vertex,14116,149,27,25,331.22,448.1
"3016c183-7b85-44fd-b57a-c581627353d3",auto,Pulse Seat Cover A928,Pulse,8932,55,27,16,193.87,230.24
"0de3d464-3cd4-48c4-a05e-1ad3d15b6238",auto,Vertex Seat Cover X416,Vertex,11510,95,18,26,131.95,199.36
"936e5dec-965c-4f14-b7c7-687fd3381f89",furniture,Apex Fabric Bookshelf,Apex,30972,117,9,15,320.97,719.81
"4fb9ffc5-8016-4d8c-b57c-02345ae69b3b",furniture,Crest Fabric Coffee Table,Crest,11192,105,19,21,334.18,510.37
"51eddb42-c69d-4070-88e8-175c7ccb20a0",fashion,Zenith Modern Jacket,Zenith,280,44,29,13,12.83,48.67
"7d6b8b79-4720-4b48-b226-f4e5dbec10ab",home_goods,Zenith Lamp Set,Zenith,2277,50,12,25,7.23,16.88
b8447a66-3234-47a7-a864-d91802da0d43,books,Care behavior house station,Apex,281,22,7,28,5.94,10.62
"14e076fd-5871-428c-9d5e-154eb853f3cc",home_goods,Apex Knife Set - Minimal,Apex,4016,46,22,14,38.34,65.31
"5d4ab885-15f5-4a22-8b05-3a69662bc2b8",furniture,Pulse Desk - Industrial,Pulse,16569,197,21,10,232.44,333.45
"546e84fb-e87f-4bd8-a9e5-9d048c3149bb",toys,Vertex Doll Toy,Vertex,531,25,25,25,4.88,13.86
"0c64e8a5-9e49-40e4-b377-fd92386a4841",fashion,Nimbus Dress (White),Nimbus,700,43,28,29,10.73,40.03
b25ec285-7205-4ebf-bae7-5c682320b58c,auto,Nimbus Seat Cover Kit (M797),Nimbus,11082,34,9,18,238.48,339.85
f7dbdac0-b6f5-4537-b32f-ac1fdf9b330a,home_goods,Vertex Bedding Set,Vertex,2513,74,6,25,86.81,151.24
e06941d5-b113-46ad-9cd0-ffd7cbc3a64f,toys,Nova Doll Toy,Nova,462,26,13,26,30.03,82.69
"477e4542-f1d3-433e-95e4-121537f4b3bb",electronics,Apex P375 Monitor,Apex,1964,15,21,16,363.16,409.21
b6b011e8-19d6-41d0-a5b4-0ce1f69704bb,fashion,Vertex Sneakers (Red),Vertex,664,53,25,22,113.24,265.08
c5dbc0e2-2460-4c75-8882-9bffd3056e46,fashion,Nimbus Dress (Red),Nimbus,751,47,25,6,110.35,289.31
"1f4ef9c3-3eb4-40d6-b66c-aa5a6b2d806d",fashion,Nimbus Sneakers (Green),Nimbus,630,23,24,14,12.65,35.38
aa120fc7-8536-414a-a3fa-b6c8b24723a7,furniture,Crest Coffee Table - Industrial,Crest,28090,70,13,8,76.08,149.78
"78c88150-e2a7-4ed7-a733-aebed396471d",electronics,Orion Smartwatch A842,Orion,3126,15,24,17,430.15,508.65
"87303439-276c-4aff-8d84-fc1a07168f5c",toys,Vertex Board Game (Red),Vertex,449,12,22,15,35.55,94.99
"94f816f0-a454-4366-b875-2d0a2f921b89",toys,Nimbus Building Blocks Toy,Nimbus,599,11,11,10,35.68,69.62
"7fc114e5-eda1-4789-a673-75c6961fb2d8",electronics,Apex A227 Headphones,Apex,2391,10,10,16,112.13,146.9
ca9a1171-d4ac-424d-bb93-d68315dc69cf,books,Others mission movie word,Nimbus,489,17,12,5,14.38,28.65
"3f5dc73f-8031-4279-88bf-a9f506fb8852",fashion,Vertex Cozy Hoodie,Vertex,807,45,7,10,71.32,282.42
c3c22cd2-819f-4141-8108-bea3c4ec8632,furniture,Nova Bookshelf - Industrial,Nova,40042,102,11,14,344.49,602.59
"39c2c5cf-dacc-4689-aa05-f5dd72916436",furniture,Pulse Bookshelf - Classic,Pulse,37961,130,22,11,647.44,919.81
aaed1603-836a-4804-af1e-0d75ad00ac03,books,As me nothing everything: Way knowledge high success within,Orion,577,14,25,21,15.04,22.73
df15df44-48f0-4433-973e-4e60e44d2069,home_goods,Pulse Air Purifier - Industrial,Pulse,3218,18,20,27,16.51,37.82
f5ec043c-df6f-464e-a335-3b404c07b0eb,auto,Crest Tool Set P284,Crest,4566,85,22,19,344.22,446.59
"4048df12-de00-4855-8604-8f952ce5ce99",home_goods,Apex Vacuum - Industrial,Apex,1749,32,15,25,7.64,13.48
b96e164b-83eb-426c-9f01-8f0ff214ea4c,auto,Vertex Seat Cover S344,Vertex,8282,84,29,28,90.49,132.27
"295c9bd1-e8fa-47e2-8551-05d294b313aa",furniture,Apex Steel Bookshelf,Apex,11475,175,15,26,463.73,905.18
c071d87d-ecd9-4bec-8b71-5904c3edc915,fashion,Zenith Modern Sneakers,Zenith,132,43,10,8,7.9,23.78
"5d1ad7c3-cf2b-42d3-812f-026c44f7be3e",toys,Vertex Building Blocks (Black),Vertex,498,26,16,29,5.34,13.64
"6f6761e1-58ad-4125-8f4b-49ca9ae51650",home_goods,Apex Bedding - Industrial,Apex,1947,34,25,5,20.5,41.54
"708c47e8-e39d-41f3-a7e6-e9625814c749",toys,Zenith Building Blocks (Red),Zenith,632,26,7,11,18.68,44.45
"561761b9-5dc7-4f93-84e5-9d4612a141d6",home_goods,Zenith Lamp - Minimal,Zenith,3194,86,18,11,31.88,56.14
"69394f68-429c-4959-8681-b1a6d876b4e1",toys,Pulse Puzzle (Green),Pulse,460,20,12,9,7.93,16.21
"63d9c5dd-d62c-4add-9e6d-4d69841ae848",fashion,Vertex Classic Sneakers,Vertex,233,32,26,7,8.14,26.74
cdea8234-1a57-4dd3-bb2b-7fb8ac5c1de7,home_goods,Vertex Air Purifier - Industrial,Vertex,3994,63,12,18,44.54,75.67
"61f9486d-72b0-47c2-bad4-61905d2c42cc",fashion,Vertex Cozy Hoodie,Vertex,481,20,11,8,35.45,81.67
"2c1afebd-ce9d-48e2-b69e-ef5bb10c8e2b",furniture,Crest Leather Desk,Crest,38899,92,7,16,139.94,203.54
"8d5772a9-bc53-4ebd-9b4b-6d05a4ad07c3",furniture,Crest Oak Sofa,Crest,12842,167,8,14,559.0,865.57
"0081ad51-873b-4d7c-8571-07a3ef6ad7a2",home_goods,Nova Knife Set - Industrial,Nova,2994,18,14,15,16.91,31.48
b869adf8-c73b-454a-be7c-7f5a2af5eb6b,books,Level remember,Nova,958,10,26,20,28.14,43.66
c9685575-553d-49ee-ac40-43eafbc5e537,books,Need artist,Nimbus,477,12,17,25,29.39,43.16
"422df81f-e73a-4ad8-b591-5280b22491a4",books,Writer radio look sell,Vertex,710,18,16,5,27.4,39.17
"826fe2c6-3a50-4eac-b2ec-d8f7619b1cf1",auto,Zenith Tire Inflator M392,Zenith,16669,35,28,22,232.16,327.35
"8a198d06-f4f0-4823-88f9-568d3fa66043",toys,Vertex Building Blocks (Beige),Vertex,816,18,18,20,46.8,85.62
"5ccc534d-231b-4552-b74f-f5a3cc42ce01",home_goods,Nimbus Lamp Set,Nimbus,949,33,12,8,54.22,117.41
fb355797-e3be-45b4-911c-5efa3fc76f74,fashion,Orion Sneakers (Black),Orion,426,43,23,29,51.11,130.27
ba6a31f4-3e6c-4dd4-8d40-2b9552381c36,furniture,Crest Chair - Cozy,Crest,40206,159,5,13,539.11,809.25
d58cf763-b6c8-48fd-b9d6-507c67fa7cd1,electronics,Pulse Monitor P546,Pulse,4005,22,11,27,1136.06,1503.46
d5b65133-8ab3-4abd-af39-6e370f422c0a,toys,Apex Puzzle Toy,Apex,922,10,13,8,20.34,41.72
"4f4e30c7-6d7e-458c-ad2e-5a7be7cad716",toys,Crest RC Car (Green),Crest,685,14,27,6,18.32,52.01
"3ed09640-8a71-4454-8375-2b89e4f44172",furniture,Crest Sofa - Minimal,Crest,44004,89,9,6,501.66,668.57
b4a8fa80-7a97-4042-8a8b-a5514c3e2fe9,furniture,Vertex Walnut Chair,Vertex,26099,120,27,29,596.19,960.4
a40c3909-b6dd-4ae0-93fc-8dc6ad9bff36,electronics,Nimbus S490 Smartwatch,Nimbus,1188,11,10,29,605.88,788.82
"106219c1-284c-43f6-966f-3dcf6d3f26a9",fashion,Pulse Industrial Hoodie,Pulse,218,58,12,23,93.02,241.42
"5b5314c3-5644-4a90-9c28-3db8cd5c1d1e",furniture,Zenith Leather Sofa,Zenith,35064,59,12,8,629.29,941.24
"4e754951-b3f8-4047-9bb9-735c04d2ab8f",fashion,Vertex Backpack (Red),Vertex,429,36,17,8,77.12,293.39
"02ceb419-1ec0-489d-aed3-30533273b7b4",toys,Apex Puzzle Toy,Apex,853,27,19,20,15.08,29.46
"0e4d9cb7-cf9b-487d-8094-c3c4be9b2652",auto,Crest Tire Inflator Kit (M618),Crest,18181,13,18,17,289.54,373.85
b31aaac6-ed30-4bd1-ad92-015b55592cb6,books,Dark public begin join case: Act crime south policy choose,Apex,623,10,7,22,32.44,48.1
cf8bbbcb-3a4e-43ef-9aaf-6ae796e05773,furniture,Apex Chair - Modern,Apex,17549,176,20,20,492.02,994.59
ade144f3-62fd-4026-a12a-b6bca7124bd7,electronics,Pulse S269 Smartwatch,Pulse,445,10,16,5,1126.08,1388.14
"1d1c96ae-37b2-4e72-8389-7bc499b9e940",fashion,Orion Backpack (Black),Orion,941,43,28,12,25.03,98.8
"9a289575-4a78-49c2-8e4f-37a712034853",furniture,Vertex Bookshelf - Minimal,Vertex,14826,112,13,7,389.84,582.84
be01b3ba-0600-42b7-9c26-10aac5f9d535,books,Key system: Institution difficult shake six,Nimbus,805,22,29,23,14.17,27.2
d173ebc4-8977-484d-b46e-66bb4f95fee0,home_goods,Nova Bedding Set,Nova,1383,54,21,20,10.59,17.94
"1ccc63c4-4d39-43a7-9741-af910255ef99",books,Certainly nation,Zenith,345,13,9,9,8.56,14.65
ebcbef05-4189-435f-8c0c-55a219d080b6,electronics,Nova M312 Bluetooth Speaker,Nova,4104,46,11,19,779.82,988.37
b6cc6f18-2e1c-4e60-b4ed-14fd2091ed27,toys,Orion Doll (Black),Orion,328,22,12,16,40.87,93.05
c067cef5-a234-4866-b3b8-54cdb5dab1ec,toys,Vertex RC Car Toy,Vertex,779,8,26,6,38.57,93.56
b0013bdd-ccec-49be-93e5-fc6877ce23a0,electronics,Apex S200 Camera,Apex,3732,26,21,18,1693.12,1918.05
"5f8d3378-4e67-4ec7-a43c-0fb1cd29805a",fashion,Nimbus Cozy Backpack,Nimbus,595,20,23,10,100.65,296.22
ef185fc9-2c2a-422f-9383-14e28e2b209e,home_goods,Nimbus Bedding Set,Nimbus,3029,92,17,25,43.16,92.41
d726ab0a-85d5-4490-b396-3af038f9543e,home_goods,Vertex Vacuum - Cozy,Vertex,4007,15,6,11,73.97,139.58
d318547f-4cb5-41e7-a293-c1c0ef13d1d1,home_goods,Apex Knife Set - Cozy,Apex,4197,37,6,8,85.09,163.4
"6d6d6e5a-d380-4b30-9433-0d13af8e7f72",toys,Orion Building Blocks (Black),Orion,528,24,10,19,17.0,42.15
"1e0bcad3-ef32-43a6-815d-4ec228675867",furniture,Zenith Oak Bookshelf,Zenith,41536,195,29,21,277.15,357.0
"2d7547e6-6e44-4f98-bafd-eaca191b05f2",home_goods,Nova Bedding - Classic,Nova,1807,66,6,22,85.05,155.74
"191ce0b1-08b7-4ce0-8fda-e40ae11449ea",furniture,Apex Steel Chair,Apex,5916,70,5,16,443.54,722.16
"8441c266-45f5-4501-ac8b-bf8d8b66f01c",fashion,Vertex Backpack (Red),Vertex,216,38,12,12,54.46,212.88
c1ea618d-a866-4cd3-9959-6a431110daa2,fashion,Pulse Classic Backpack,Pulse,144,37,15,13,37.21,94.14
a4aab1b8-0af4-4652-ad8d-c9d50fc3de58,books,Second stop large take chair,Vertex,622,18,18,16,30.74,43.97
"25ecd2d2-62e5-414a-92d6-c171734fa49e",books,Almost late watch arrive: Show machine decision table close,Zenith,810,14,7,21,7.32,13.88
"73ffa509-7a94-44c6-aced-282261f87153",fashion,Nova Industrial Dress,Nova,951,57,5,7,41.09,152.6
"0ebecbc3-3f03-426a-8bec-46d41cfd2adf",books,Interview better people: Apply success about,Pulse,318,11,15,22,7.71,12.81
c2a22aa4-5487-4633-8758-40d3ed9d7aea,home_goods,Orion Vacuum Set,Orion,2958,45,15,5,89.84,162.95
bfbc4736-eb9e-4065-82ca-b2e454bb89ec,toys,Zenith Building Blocks (Red),Zenith,675,8,5,7,23.02,55.72
ba53aa0d-0a20-47ba-bd28-3118bc74c9c7,toys,Zenith Building Blocks (Black),Zenith,505,11,14,5,20.98,39.38
d45ad9be-36a8-4c6c-a1ca-55421ef035a7,furniture,Apex Desk - Industrial,Apex,19352,186,25,27,243.05,405.65
a978a818-d059-4734-b0e3-1d719612c831,electronics,Crest Headphones P716,Crest,839,35,18,8,836.67,1096.81
"16b63f6a-3b02-4761-b9ba-ae3da8aec7ea",home_goods,Pulse Bedding Set,Pulse,3405,78,20,8,43.76,74.14
"08de2deb-7507-462f-b5d7-93c87d15c688",fashion,Pulse Cozy Dress,Pulse,590,22,19,27,73.65,198.45
"29be75d0-914a-4e35-86fd-187482a5390a",toys,Vertex Puzzle (Black),Vertex,626,11,11,25,22.3,55.11
fd2788a2-a6c6-4a3e-9d95-f7645bfa0d06,auto,Crest Tire Inflator Kit (M624),Crest,17563,83,25,8,243.82,350.32
"6a387db7-16b3-48e8-a4ef-14ee3cca127c",furniture,Nimbus Chair - Classic,Nimbus,32967,50,19,25,356.81,456.36
c1157432-7484-419e-a6c7-1b40d84dde53,fashion,Nova Classic Jacket,Nova,393,30,10,21,20.26,80.95
"1d3a0e8b-8d13-4c2a-afdd-444ec7d69c63",furniture,Zenith Desk - Industrial,Zenith,12334,197,14,11,226.59,517.64
"9c2f4d72-e578-4bc8-9121-370309106f4e",books,Site plan side cold training: Yourself pick meeting,Nimbus,519,21,23,13,23.64,37.41
fd12526e-10e9-4147-8b5e-a8d6825f221c,home_goods,Pulse Bedding Set,Pulse,4220,88,11,22,86.41,144.97
"81e7ae2b-275a-4603-ad1d-37f6a015479f",auto,Zenith Tire Inflator S420,Zenith,11214,90,8,15,60.77,84.63
d892559f-d540-497d-b3ff-a59a9c693f16,books,Course matter Democrat,Nova,242,13,14,9,19.08,27.85
da8ce356-ba8b-426d-a1d3-ab07cc311f10,electronics,Vertex S792 Tablet,Vertex,1930,47,28,25,911.22,1063.68
"36f21099-a92c-470b-b8e4-1ab3fa7d9e79",books,Maintain some travel out down,Crest,665,14,18,24,17.12,29.46
"93900602-0ab1-4dbe-ad04-2c2c59189756",furniture,Nimbus Steel Desk,Nimbus,31360,129,26,6,445.2,872.28
b65caffa-992d-4800-910a-33fb3d7a15f3,toys,Pulse Doll Toy,Pulse,364,17,7,10,14.39,26.95
"1d2d9291-92d8-493b-aaac-75e1ab964efb",auto,Orion Dash Cam Kit (X285),Orion,12627,83,24,16,192.34,253.83
ad429dbd-a423-4fad-b479-2329883058fd,books,Suffer rock game no much,Orion,607,11,24,5,17.6,33.42
"6c68ab25-591b-4c29-b5c3-d2aeda80586f",home_goods,Nimbus Vacuum Set,Nimbus,4392,45,13,19,100.09,181.64
a43df2cb-29ba-4cf0-bee4-79a894da428f,furniture,Zenith Leather Desk,Zenith,30402,110,27,19,107.41,164.66
d7305cf3-b56f-4e00-8fb5-aafa7811c88a,electronics,Crest Headphones X613,Crest,1319,31,17,16,1462.71,1808.19
fe33cf52-482b-4286-8a20-51709c996543,toys,Apex Building Blocks Toy,Apex,721,10,22,15,10.85,28.41
"2a059050-4eae-4a30-a300-a3ca1e45ee01",toys,Zenith Puzzle Toy,Zenith,543,24,8,13,9.41,20.54
"084ad852-44a9-4eb6-8d99-25fab4186a25",home_goods,Nova Bedding - Minimal,Nova,2014,47,20,28,19.77,33.48
"77328381-f5d8-4899-a30d-70633aeab380",electronics,Nimbus Tablet A816,Nimbus,874,19,18,23,1274.84,1461.68
"430caa51-a587-461e-93a2-15e325bc1385",electronics,Crest Smartwatch A409,Crest,1170,39,10,6,245.28,322.02
e0f289e9-6af6-4976-a156-e372ef785aac,books,Power yourself clearly energy worry: Environmental serious worry,Orion,838,23,15,9,14.98,23.21
"6f659277-4c96-43e6-8e37-c323fa2022dd",toys,Nova RC Car (Beige),Nova,408,21,25,7,5.03,14.1
e3ac549e-273f-417f-8104-ecd08958d5e6,electronics,Crest Bluetooth Speaker A880,Crest,3570,47,26,22,574.06,697.16
"4a44e461-e5c0-4bf6-939b-2cd219ffda84",furniture,Pulse Bookshelf - Industrial,Pulse,44541,121,13,26,131.11,219.1
"954a2438-5f4f-429b-9966-2af5d1a30f03",home_goods,Pulse Bedding - Industrial,Pulse,3829,77,26,22,77.31,141.89
caac278f-64ef-45a6-b5ef-12075cbd2f6b,home_goods,Crest Knife Set - Cozy,Crest,4615,94,15,22,5.99,12.62
"60252495-9ceb-4d89-8787-ebf9f83de6ac",auto,Nova Car Charger Kit (X626),Nova,5028,23,17,11,296.83,380.58
"82aeca65-67cf-4e01-92b8-d2f2bd5bfce7",home_goods,Nimbus Vacuum - Modern,Nimbus,3285,84,11,12,25.41,58.81
"9f987903-64b8-40fc-8e6e-70f71a08be5a",furniture,Nova Sofa - Cozy,Nova,37970,93,17,6,533.01,666.78
b1dfd458-6e70-4df4-b26a-d9e248c5a3c1,home_goods,Crest Air Purifier - Minimal,Crest,4464,50,18,22,87.99,164.32
ccba23b1-420f-48c1-a3ba-a254f9f2ebb7,books,Ball by: Security sing factor phone different,Apex,680,15,18,10,20.42,40.2
"75f7e2f0-b9d8-4f73-ba7b-ed55b54db7d8",furniture,Zenith Walnut Sofa,Zenith,47398,197,14,10,293.27,396.31
f44861d4-82ed-44fd-976b-c601c95e919c,fashion,Orion Industrial Dress,Orion,410,36,28,7,51.68,114.85
"46a69d31-be7f-4908-ad03-ab603717282c",home_goods,Nova Air Purifier - Classic,Nova,2254,67,15,9,70.04,151.6
"64d738d1-f18b-4497-b1bf-f5ae01942f87",furniture,Nimbus Sofa - Classic,Nimbus,11361,123,18,28,517.17,944.78
ca1cf34d-d42d-47f5-b6cf-2d70b5159a33,toys,Vertex Building Blocks (Red),Vertex,454,5,24,25,22.11,50.32
eb4e44b8-0770-4eda-92d1-b47bde3c554d,toys,Pulse Building Blocks Toy,Pulse,441,14,14,28,15.32,43.48
"0f458126-59c1-407b-af25-c5c66cf1c5b8",books,For around pass: Will reveal minute world day,Zenith,863,12,29,19,8.65,15.77
c05cacf1-cf4a-4a8c-8476-05912d5152aa,furniture,Crest Desk - Industrial,Crest,41354,155,29,24,78.14,110.13
"5ca23004-7f53-4a90-a983-73afadbba3d0",furniture,Zenith Coffee Table - Cozy,Zenith,41874,185,7,7,112.74,236.66
f4424df1-06d7-4d36-a48d-4ff00d493c63,furniture,Nimbus Desk - Industrial,Nimbus,40602,51,19,24,83.1,142.16
"42a0b273-5525-4260-b46c-2ea1c7827c7c",home_goods,Apex Air Purifier - Modern,Apex,3109,41,28,14,48.29,106.93
b293c839-0ce5-4396-a838-d341e0f32e5c,books,Especially system herself other call: Century law across improve produce,Pulse,237,21,17,26,9.46,17.94
"0b9c5970-12d0-4ce2-919b-7092d86b09b9",furniture,Nova Coffee Table - Minimal,Nova,15445,69,13,14,189.41,240.87
"21731504-fea3-4257-913b-74d273858944",toys,Nimbus Puzzle (Blue),Nimbus,230,22,11,20,18.85,44.03
"28e8aed3-4c7b-4fad-8d3d-6de50a5cdfd8",furniture,Nova Leather Desk,Nova,33195,188,7,17,315.9,449.1
"89885032-8192-4138-96e2-38afcbd2466c",toys,Vertex Doll Toy,Vertex,198,20,20,9,15.34,35.77
"29b1672f-2118-49f8-b158-955193d83100",home_goods,Vertex Lamp Set,Vertex,1395,91,20,26,15.03,26.76
"53f5e58a-598c-4d62-8e57-8f759b6db7cb",toys,Zenith Board Game (Green),Zenith,444,19,21,17,33.16,77.78
"3842a1fb-b845-49da-a706-681d9f375e4d",home_goods,Zenith Lamp - Modern,Zenith,1614,90,13,26,54.22,130.07
"155b8957-51c3-481e-96fd-235fd7770e8b",fashion,Vertex Dress (Black),Vertex,473,57,15,23,16.63,61.5
"8e5bbced-87e0-4e20-a9a7-2a4e9860b555",books,Personal if real painting: Though simply away inside forward,Crest,563,19,25,8,10.28,19.04
"8c2059d7-95ae-4835-8b83-9685801c7e64",toys,Apex RC Car Toy,Apex,951,27,22,8,25.74,65.43
ece4fc90-8aec-43d1-9f4a-f3d73003ff68,books,Political food however indicate: Me eight movie see economic require,Orion,726,22,27,13,27.02,38.67
ac8a5989-91ab-49d8-936c-c82815cb21c2,home_goods,Crest Knife Set Set,Crest,2633,19,6,16,39.08,85.18
"52cd8f69-98fa-4250-80d1-28a4f95e2350",home_goods,Apex Lamp Set,Apex,4751,10,14,28,66.2,159.96
eda375bb-3c49-4e67-8247-e79c366d5645,books,Way girl any maybe: Tonight reduce similar decade impact drop,Zenith,349,15,8,8,22.63,40.38
f3c71716-ebdf-4e99-bced-409b20175286,books,Statement probably each,Crest,531,22,25,19,26.87,48.36
e7e5cc85-0f61-4450-b917-30f6da18a5b0,electronics,Nova X917 Smartwatch,Nova,2934,28,20,14,507.67,668.48
"6a437f30-dce6-4b13-b362-b4f5fe107e69",auto,Nimbus Dash Cam M585,Nimbus,2448,77,14,16,142.12,205.08
"71110572-38cb-4407-bcb4-987e27345be7",books,Eat partner scene bit: Include money section artist expert beyond,Nova,214,22,16,7,6.79,11.54
"70ee323c-ed02-4709-8f1e-24e2f0a861f8",fashion,Pulse Modern Backpack,Pulse,107,45,8,17,127.67,286.25
a4d75033-3ea4-4e77-b27e-66c1d0560575,auto,Pulse Dash Cam Kit (S396),Pulse,3547,32,18,21,174.45,207.35
"7e2e70da-8782-4f32-84be-9dcb5e06097f",toys,Orion Doll Toy,Orion,388,10,26,20,33.97,76.04
"73876110-a955-40a0-8ecc-5aecb8a04509",books,Finally model list themselves: Threat suggest cost,Nimbus,260,10,6,7,7.75,11.54
d80f17a3-a261-4c02-b4d8-221d35e0a2be,books,Message minute positive radio: Start who protect,Pulse,869,14,25,8,14.23,24.64
dc371107-49de-4336-88c1-c8692cab7002,auto,Zenith Car Charger X429,Zenith,19779,10,16,12,334.95,418.09
a84b643a-b303-4d49-a873-a78919ce7724,home_goods,Vertex Air Purifier - Modern,Vertex,924,62,29,14,30.43,73.88
"6583d112-3d13-44bb-bf2f-155d77afb04e",auto,Nimbus Seat Cover X265,Nimbus,16848,28,28,27,101.69,131.03
"6651f076-c146-4c85-bec4-123b1a5e3cd5",fashion,Pulse Dress (White),Pulse,751,26,19,20,107.0,279.64
"97246fbc-a65b-4f5b-b439-e576546662f1",fashion,Nova Modern Sneakers,Nova,949,28,16,27,76.21,293.9
d24ab1da-9e2b-4232-93a3-47d72efc9c6e,furniture,Crest Chair - Minimal,Crest,30926,106,28,7,233.03,411.21
"8464b477-b758-429d-992a-2d2d10b6849e",books,Drive teach charge item three,Vertex,654,19,5,21,32.82,47.12
"1b1059e9-c430-4cd7-938e-16efc1777209",furniture,Nimbus Oak Bookshelf,Nimbus,22680,114,25,23,434.94,888.8
"3dbc060d-76b8-4695-8ccc-a90f3145c765",home_goods,Nova Lamp - Classic,Nova,2325,10,19,24,14.16,27.2
e9549f32-db53-4023-b624-db8f960a1060,toys,Apex Board Game Toy,Apex,367,29,20,27,15.53,38.11
e4de7fb1-76b1-43e3-86fe-715e3e918e17,home_goods,Nimbus Air Purifier - Minimal,Nimbus,3647,25,11,11,57.52,99.56
d9f46e7c-5365-45ad-8ab7-2accc8b55b8b,fashion,Nimbus Minimal Sneakers,Nimbus,946,40,16,6,87.0,233.52
fa9bd650-cb19-47e2-8629-f34fa1644b28,fashion,Crest Modern Backpack,Crest,800,38,20,12,15.56,40.99
d7ffe88f-14d6-4d3c-b622-657a530a38bd,books,Federal film answer: News site surface group,Apex,355,11,10,6,9.11,13.36
c211526c-3811-4cb1-954e-be54e0a4241c,toys,Pulse RC Car (Red),Pulse,831,29,8,28,5.15,12.23
"91376e74-8d98-4f86-a9b5-de02661f22f3",electronics,Vertex A835 Tablet,Vertex,1047,24,20,28,1260.08,1563.01
"27fc6769-3b63-4fa4-a97e-651e77abc13b",toys,Zenith Doll (Red),Zenith,609,17,17,7,31.04,56.89
f33a7a8f-06c1-4cfb-ba34-9b97748434a6,books,Agency rather see ahead: Such medical rise several chance,Nimbus,587,18,13,13,10.15,18.31
"8bb5caaa-dc6d-4f6f-bb03-3c858a02d00d",toys,Zenith Building Blocks (Red),Zenith,455,16,28,22,31.82,89.0
"78366731-4bb3-49af-80c6-2920f4f67e3f",books,So book interesting nice,Orion,444,19,7,10,21.15,34.85
"6c1e221a-0839-482b-a5ab-52b8efd32890",auto,Crest Tool Set P264,Crest,5035,57,14,24,364.41,475.78
"4f8d6cdb-bcb3-40a6-b9ee-c926f8549080",fashion,Crest Sneakers (Beige),Crest,307,29,25,23,67.74,164.53
"3f4d48d8-29bd-44b4-8b70-b044848a4b12",home_goods,Zenith Vacuum - Cozy,Zenith,4645,22,20,25,89.26,152.81
ff118e28-6074-4d97-a5bd-267bb2c5a4c0,auto,Nimbus Car Charger Kit (X205),Nimbus,1918,30,9,25,175.53,221.58
"1e6b0f10-4a40-4d05-ad8e-52a107fd2634",fashion,Vertex Sneakers (Green),Vertex,374,49,20,13,40.0,107.22
"8d7cda78-fce9-43f1-968e-d467c3440b26",toys,Pulse RC Car Toy,Pulse,526,14,6,28,33.14,83.97
a7b3a5be-1c0f-4cc5-907c-35d2168a3be0,electronics,Nimbus M287 Camera,Nimbus,4370,11,10,20,899.07,1049.46
b44071cf-0ced-4879-9351-c7889bbf7c3e,home_goods,Pulse Lamp Set,Pulse,2318,85,5,15,101.76,173.58
"6b44c7f4-3de7-4f95-8f5b-c8ae18372c13",furniture,Vertex Coffee Table - Modern,Vertex,19038,79,19,23,265.13,554.46
e4a05a34-a10b-41d2-bfe9-3c776d772e13,fashion,Crest Classic Dress,Crest,286,21,19,22,49.62,144.23
"142f50d4-84a3-401a-b2ad-3ceceb7158d2",toys,Vertex Puzzle Toy,Vertex,995,15,29,6,35.03,97.6
"51b1d6ed-4606-4343-9f4a-081889cb68e3",furniture,Vertex Bookshelf - Classic,Vertex,41046,175,21,16,532.1,765.57
"72ab7d52-8182-4540-b458-2a639f28e21c",furniture,Nimbus Oak Desk,Nimbus,38656,178,21,21,166.04,295.2
"457d9294-fef7-4fe2-9238-523de0ef3ecf",books,Position act: If past physical five,Zenith,341,14,12,22,20.99,33.37
"4ceff4c0-d352-4e4d-bdff-f694b7c2a216",toys,Nimbus Board Game Toy,Nimbus,390,17,8,20,37.22,68.34
"241a532a-ae51-4e49-8567-11b7c2fe232d",books,Gas low front,Vertex,908,12,15,26,23.75,39.6
"2f62c705-7a67-453e-8504-1c60cb843c1d",toys,Zenith Building Blocks Toy,Zenith,606,27,27,5,24.46,45.63
"07834fcc-59e0-4c70-b8da-a7d5fb172e10",home_goods,Orion Air Purifier - Industrial,Orion,847,37,16,24,14.29,24.29
"30ce4573-5dcf-45fe-b5c3-e4eefdc4cb99",electronics,Nova Camera M368,Nova,2239,38,5,16,936.19,1163.23
fa890b01-0981-49d4-8ea6-55c39beb2ca8,books,Bed include: Red start read institution begin,Crest,556,24,7,16,24.36,45.66
cff2967c-f6cf-4823-896a-f22a1446d657,books,Book event body between,Zenith,309,22,28,9,25.67,46.42
da86651f-45d5-4157-8716-81bdff8be502,furniture,Zenith Oak Bookshelf,Zenith,17762,118,5,21,187.65,287.64
"885c0f13-6936-43db-945c-5d097eac4498",fashion,Apex Jacket (White),Apex,141,37,12,24,44.88,174.69
"0726d086-56b4-4a93-8696-87ceee82dc51",electronics,Apex Tablet X807,Apex,1349,40,18,14,1561.18,1999.85
ec68a588-b676-404f-a90f-bcc180ff0c94,fashion,Apex Modern Sneakers,Apex,988,55,21,13,56.18,205.0
"4bd55207-d1b8-41fc-89ce-532aa0fc4a6f",books,Bit method,Orion,994,16,11,5,12.75,21.32
"06cc0993-a514-49bc-b25f-ebe5c587dcf0",fashion,Nimbus Backpack (Green),Nimbus,422,25,10,14,31.36,110.21
"9b0e8605-a46a-4a0c-9bd5-721dadea8407",electronics,Nimbus A891 Smartwatch,Nimbus,2538,32,16,6,126.59,147.4
cc2b37f6-a737-4a19-ac5e-18f3cb3b6d32,auto,Orion Tool Set X457,Orion,5178,56,20,14,171.41,218.78
b56b5f92-a07b-47f9-b112-3e16d69aa19c,furniture,Pulse Bookshelf - Cozy,Pulse,20485,153,13,25,128.55,178.51
fccc06e1-0d40-45d8-8e6d-f55c0820b4be,electronics,Crest A384 Camera,Crest,3586,28,7,18,897.44,1141.94
a572588d-bec4-489d-9ecd-0e6eeb92a1d7,auto,Orion Dash Cam Kit (S247),Orion,11008,44,8,21,191.04,290.07
"63c2c537-2cf4-4ca0-9853-add51819cdc0",books,Effort important tax car: Land left hold only poor ok,Crest,913,22,28,16,23.67,34.86
"6d2d281c-f754-4b12-b2d6-3cde234b6e20",books,Look best pretty: Themselves wide bad water ability approach,Vertex,374,11,22,21,10.91,16.06
f5cb9b2a-0972-4f41-b5f1-61ce82309e14,fashion,Zenith Classic Jacket,Zenith,476,20,14,7,52.7,143.51
d3713dd8-b77b-4fb4-b4aa-615539562c37,auto,Crest Car Charger Kit (S672),Crest,7687,40,20,8,118.92,169.71
ece9fe65-30f3-478d-8112-0eeac97f611f,fashion,Apex Dress (White),Apex,731,52,8,27,10.32,26.91
"34ed98b2-58e4-4d13-bd4b-651f792f80f8",auto,Crest Tool Set Kit (X392),Crest,12409,84,14,26,315.31,417.53
"03d32045-0f83-4f4c-8f96-5316043ee511",books,We design,Orion,449,20,19,24,20.62,30.32
"544b634f-41a4-46cb-947d-6ad2195b8a50",auto,Nimbus Car Charger S204,Nimbus,18697,49,25,28,205.15,292.75
"8900ee26-3bf3-46fa-9996-4e77ad2aeb07",home_goods,Orion Knife Set Set,Orion,1954,76,11,28,67.84,149.03
c008c19f-08f6-40ec-ae7f-66cb6d926a90,home_goods,Pulse Lamp - Classic,Pulse,581,95,5,23,55.28,126.09
b3a1f6ed-81a9-40ca-b6ef-ed52c4e12d13,electronics,Zenith Bluetooth Speaker X708,Zenith,2517,25,26,21,476.06,583.32
"46fcd15d-82cb-41a5-b34a-9638ad9e815d",books,Value face,Crest,813,12,10,17,33.38,49.86
a4ddc7ac-d116-413a-bb77-fe5a7240884b,home_goods,Crest Air Purifier - Classic,Crest,1928,49,6,9,80.37,183.45
"294a0f2b-b2ee-4066-8607-3b9bd99fcf5f",electronics,Vertex M261 Bluetooth Speaker,Vertex,1126,26,28,18,705.06,856.34
"955f3f5c-62e2-47ce-97b0-ba3668f4f159",home_goods,Nova Air Purifier Set,Nova,753,54,10,24,75.58,182.49
c69387d2-b7e8-45da-8b2b-e0a84eeeea39,books,Indeed child,Nimbus,204,14,6,5,9.21,16.37
f9bf3958-cc02-4760-8ec6-8738bb4de183,fashion,Crest Dress (Red),Crest,826,23,24,16,70.93,266.79
"5b4aaa88-45e4-4f5a-86cf-4747133eab4b",books,Key part prevent: Interesting rather couple as newspaper mind,Apex,582,10,16,19,20.24,35.31
"17463f65-9969-42ed-be5f-1211d2af7c24",fashion,Nimbus Industrial Dress,Nimbus,738,42,17,12,21.41,50.52
"7a12c253-76fb-4b4e-a9c7-4c3e467d0071",furniture,Nova Leather Coffee Table,Nova,43209,161,25,21,167.75,309.36
"2887466c-0d26-44ce-9acf-1b9f11309791",fashion,Zenith Cozy Backpack,Zenith,263,50,18,8,8.26,32.35
"3425fc34-ed15-4421-8e1c-77356bf92aff",books,Thank nice lead class,Apex,202,11,20,7,28.51,43.09
"35c6fcca-8e0a-4034-a7bd-f226ad761db0",furniture,Nova Walnut Desk,Nova,39736,159,28,9,311.49,616.49
adf3b13b-5a78-445c-9b63-b4983ee7f84a,books,Partner ever fund: Discuss pay song use try,Nimbus,267,21,6,8,6.27,11.55
"9bcf551d-f3d7-4901-a64e-79031557af6c",fashion,Nova Sneakers (Red),Nova,195,22,29,23,51.29,119.23
"64a1d1f8-5d7b-4bea-af49-06b50748691b",fashion,Nimbus Industrial Hoodie,Nimbus,733,47,21,23,72.47,281.53
"5df6d5f2-377f-4e0a-9e80-af4d071e4391",fashion,Vertex Modern Jacket,Vertex,232,32,29,28,82.58,257.08
"449e0c42-feb5-43a8-a111-27bd70a6e9bd",electronics,Orion M436 Bluetooth Speaker,Orion,573,36,20,7,589.15,656.3
f317b1c1-4b15-47ee-a40b-2def53c633ee,furniture,Zenith Fabric Chair,Zenith,39669,177,7,21,372.66,891.83
"7934f9e9-2faf-43ad-9bdf-490c1581f064",furniture,Zenith Sofa - Industrial,Zenith,34046,95,5,11,208.01,357.59
cbf87f9d-c5cc-4931-a3d1-69776681b9aa,furniture,Pulse Fabric Desk,Pulse,46801,174,23,28,156.96,345.98
"71cd49e9-12ac-4f8e-810f-d33de328b7ae",books,Five strong describe occur: Hand college suffer industry,Nova,861,13,7,6,31.19,47.6
"1d40bafb-bd49-4b38-b7f9-45bbfc12f794",auto,Crest Car Charger Kit (P174),Crest,2097,66,19,14,270.57,328.14
"3238b2e6-9a37-4745-ba19-364a96aa1fa2",books,Visit let among what: Cost laugh shake,Crest,641,17,19,12,23.45,33.61
f3252066-0f9b-443d-90b6-9411eb308691,electronics,Orion S711 Headphones,Orion,3979,16,26,28,288.52,327.08
"02b583b5-00df-4538-a812-c9a28548e463",auto,Orion Tire Inflator P437,Orion,17931,76,27,27,348.7,420.78
e08bb164-2e96-476b-ac6f-394a547a4307,furniture,Vertex Desk - Cozy,Vertex,20949,168,11,27,527.33,938.85
c8272d40-3678-47dd-88ea-7f2b3af4a2b6,auto,Nimbus Dash Cam M702,Nimbus,15817,19,15,6,201.01,302.5
"380bcb59-9f83-4263-a60d-5610e2c26b14",books,Line manager current firm,Crest,344,20,5,26,8.1,16.13
"6a226df5-15ce-4a09-b0d6-84263ddbe736",auto,Orion Tool Set S998,Orion,10230,37,10,11,330.93,404.58
"6e0bd174-d7fe-41c7-aa95-120c3eea8403",electronics,Apex Headphones X361,Apex,3292,31,24,14,1269.89,1591.03
"56976f14-df32-4674-a071-305720a07607",auto,Apex Tire Inflator M545,Apex,3820,96,21,10,121.12,147.19
"95cceb24-7fa2-4528-9ab7-10e969037906",toys,Crest Board Game (Red),Crest,778,17,19,23,15.96,32.02
af5551b0-8223-45ef-9af5-8a55e10aaa8b,electronics,Zenith S893 Camera,Zenith,3971,43,8,6,1355.05,1623.76
"78607241-2260-49f1-8b82-d212ed40ba52",electronics,Apex A117 Smartwatch,Apex,1746,10,24,8,1423.4,1620.07
"5bed1303-dcdb-4d24-acf7-66fb565aaf08",auto,Nimbus Tool Set Kit (X438),Nimbus,6864,76,15,11,136.99,166.75
c6cacebb-df53-4217-a655-c5d6228621cd,electronics,Apex S548 Monitor,Apex,4189,30,21,22,1103.13,1431.06
"9b687bcb-b79c-4626-86a6-68e6bef69122",auto,Crest Seat Cover A490,Crest,7634,37,27,14,50.46,62.36
"3306244e-a1fa-42ed-94ef-4b503c2878cb",toys,Apex RC Car Toy,Apex,579,20,23,17,22.34,62.06
ff16202e-02fa-4869-aeaf-33d7609f5053,books,Challenge month poor raise: Across dream himself,Nimbus,468,11,6,6,32.05,46.64
cf76462f-0961-4195-aec6-ae8441964cdd,home_goods,Pulse Vacuum - Modern,Pulse,2823,44,7,13,36.63,61.47
"1a113668-98c2-4a5e-8131-2c08a049083d",auto,Orion Dash Cam X581,Orion,18175,36,26,12,231.21,310.81
a7c08da1-2088-494a-b320-7d67783985d7,books,Sport we reality not purpose: Picture necessary this ask police relate,Vertex,667,21,13,26,22.76,41.49
"956bb74d-9dcf-4a36-b9fc-f64bcadb2220",furniture,Orion Fabric Desk,Orion,17870,150,25,14,275.71,395.05
"4b3bdc8b-e09f-4ecd-8811-b8dfc963f160",home_goods,Apex Bedding - Minimal,Apex,1043,41,13,8,83.91,182.83
"386b57b2-e889-42d5-a35a-f641afb1605f",electronics,Nova Camera S596,Nova,1667,41,28,9,194.93,257.23
bce7d06e-7422-452f-b784-b79e52d9807b,electronics,Orion S305 Monitor,Orion,3296,24,26,18,1418.66,1812.6
c92ed3fc-6c95-42f1-b41d-ac84ee7dfe9c,furniture,Apex Oak Sofa,Apex,33277,58,22,11,530.43,768.01
"2fef4d61-6566-43c3-97db-992d8086515f",toys,Zenith Building Blocks Toy,Zenith,847,13,10,15,23.47,59.87
"5fcbe219-4965-4f2a-bc40-c8ca68870b82",electronics,Orion Tablet S220,Orion,2062,35,15,27,791.38,1027.83
"189f7632-e8ff-4dd6-a63c-a083a67850b1",books,Threat simply personal our,Zenith,607,17,8,28,14.23,23.37
c358d926-1dce-4784-aafa-54f25c3fa039,toys,Nimbus RC Car (Green),Nimbus,223,27,24,11,44.63,96.46
"5ec9a153-8438-4a17-9759-f034ee19054c",home_goods,Zenith Lamp - Classic,Zenith,2236,51,13,27,14.25,25.32
"161c6a17-205c-4f66-bfb0-482d3c71017f",electronics,Nimbus S600 Smartwatch,Nimbus,4828,14,5,18,301.25,386.47
"703d86e5-1cf9-44c8-b801-1c16206afddf",electronics,Vertex Smartwatch A941,Vertex,3317,27,23,29,1483.32,1649.41
b85f0551-0eb4-4ea0-93f4-186688946830,books,Blue mind wear author: After building school,Nova,370,23,14,18,16.92,27.28
"6fcb1504-9fca-49ec-9d03-8e8c21017063",fashion,Crest Industrial Dress,Crest,130,40,11,28,62.47,155.11
d9d0604d-f9f5-4d2e-8478-a78b1f452657,home_goods,Orion Knife Set Set,Orion,4080,98,13,17,112.43,197.09
ddc346d0-6b71-45b1-80cd-d088f2df7e52,books,Hard and road bit his,Nova,639,13,6,11,23.96,37.16
a4f9855b-9a09-4e56-9788-2490523e0d18,furniture,Vertex Desk - Industrial,Vertex,29494,155,22,23,247.11,437.01
"0c214437-44d1-4dac-9796-5bec767046f6",furniture,Pulse Sofa - Modern,Pulse,42931,140,24,7,218.94,392.05
"2f77e9f3-df1e-4e14-8492-f5b49568bd87",toys,Crest Doll (Beige),Crest,991,11,18,13,12.28,28.93
"550c9166-f166-426f-80b1-4192fc484396",home_goods,Pulse Vacuum - Modern,Pulse,597,15,28,19,87.86,147.15
b0ecd69f-9c8d-4d9c-8b0d-c0b7b278f874,auto,Zenith Seat Cover Kit (S359),Zenith,4669,62,19,23,97.0,142.22
ee2e047b-49fb-4aa3-aef6-72670434b74a,fashion,Apex Hoodie (Beige),Apex,905,50,18,25,40.18,156.83
"7360d908-9569-4196-888f-c5e59749692b",home_goods,Crest Vacuum Set,Crest,1067,25,7,18,23.2,47.74
d710fa8e-fa55-49fa-a4be-19f58385e47f,furniture,Orion Desk - Industrial,Orion,48017,100,22,27,515.53,754.05
"90aa1539-2d38-4d02-978c-fe21f3bdff89",books,Meeting building: Mr impact he,Pulse,934,18,10,7,26.19,45.19
"34ee1cda-1f2e-4ae7-89ca-ba8e80ce78cb",fashion,Orion Minimal Dress,Orion,206,20,18,11,48.15,109.52
"953494e3-4111-42ef-93f6-3e78ca259f62",fashion,Crest Sneakers (Blue),Crest,704,25,26,17,39.26,134.07
"810129bd-2351-4073-ae3e-ee4e8cd98dcb",books,Figure everyone get bill: Wait well teach,Vertex,788,11,5,26,16.24,24.6
"8b47a4cd-56a2-4c26-a1bf-a7df531f2791",electronics,Vertex Bluetooth Speaker A993,Vertex,1240,40,18,9,1299.4,1449.27
"2a6b0bb8-90d7-4d6e-b1cd-63b3c3795b38",furniture,Orion Leather Coffee Table,Orion,21202,85,9,11,499.15,733.11
"682b7674-e635-47e8-874b-dd14580699f8",furniture,Orion Steel Bookshelf,Orion,30766,191,14,22,232.53,574.2
c40ce3e3-092b-421f-b3fc-40044a2dd050,toys,Nimbus Puzzle (Black),Nimbus,938,6,11,7,33.97,62.4
ea242ec9-8a24-4067-95b6-07bd97c5e0ee,furniture,Zenith Oak Desk,Zenith,33667,82,26,10,360.26,764.3
da50e964-bcf0-4eb6-98ba-c486c7ecd4b5,home_goods,Vertex Knife Set Set,Vertex,3551,66,16,7,67.76,162.92
"11943eeb-7f7a-41d8-9514-749dbe6dbf94",electronics,Vertex Bluetooth Speaker P254,Vertex,910,43,9,9,1160.57,1427.88
e764b961-0f4c-449f-bda6-80d742c20613,toys,Crest Puzzle Toy,Crest,784,12,16,27,8.97,16.33
"4a7d2c79-0a0f-4fb6-9e73-df5a695b1b60",books,Set offer court whose: Move stock approach,Vertex,811,15,29,24,16.71,32.64
fa6e102c-4eda-4fbb-93eb-d081fb261a65,fashion,Crest Hoodie (White),Crest,199,48,8,12,37.5,148.28
b8689f55-7d25-4a1f-a8fb-90a758ca0d1c,auto,Apex Car Charger S191,Apex,1887,92,5,8,60.5,84.78
b9857000-dadf-4747-ad37-2588f0a8bd57,electronics,Zenith Camera P417,Zenith,686,47,6,17,1266.68,1630.37
"038f06b0-b67a-475e-8559-7a4325c3ac3e",furniture,Zenith Walnut Sofa,Zenith,11726,106,22,16,366.48,625.92
"6c2d88cf-bc3f-4f42-b80e-daaca786d828",electronics,Vertex Tablet A806,Vertex,3723,25,12,11,905.59,1110.63
"01f03f3e-b220-4fa9-9d97-a860dc8d490a",books,Have piece sort,Zenith,875,20,23,14,23.94,37.21
"90109618-3ea6-4a2b-ad4b-0162de360b00",toys,Pulse Board Game (White),Pulse,571,12,10,23,9.05,23.17
"7115719f-4e73-4076-a442-3167cdefac6f",home_goods,Vertex Lamp - Minimal,Vertex,1899,32,11,6,20.64,41.53
b0e19dea-6966-461e-884b-a93b34a76f0c,books,Shake certain still reduce: Policy face moment,Zenith,507,11,23,14,18.42,33.93
f8e6ddc7-676b-4a04-9e2c-3c02c5d77c0a,fashion,Zenith Backpack (Black),Zenith,533,54,14,18,49.99,164.94
"9bdcec59-52df-4e37-8be2-9139d719f22c",toys,Zenith Puzzle Toy,Zenith,619,27,10,15,15.45,28.47
b781851b-65af-447e-81f2-0d0f1a321fd7,furniture,Vertex Desk - Cozy,Vertex,36877,139,8,24,617.02,870.35
"0dd1b80b-f321-400a-959a-c8ebf8ddc0e0",toys,Orion Board Game (Beige),Orion,407,7,7,22,7.73,21.72
"41152bdd-aa97-4a16-8c26-a10da4dcd7a5",toys,Orion Doll Toy,Orion,598,26,24,10,21.05,52.94
"77efc670-e212-4dd0-beff-c11eb5de01de",books,Why yet bring design: Provide heart while picture bad camera,Apex,396,15,13,13,19.91,34.87
"7e43465e-2fdd-447c-b3b7-7747b52000a4",books,View back always may,Orion,442,22,7,16,8.66,16.53
b161f00a-95af-434e-b93a-efc91daa09cb,toys,Nimbus RC Car (Red),Nimbus,588,11,28,13,16.55,36.53
ce50baab-5d3d-417f-a025-bcba46ac36e3,electronics,Crest P961 Smartwatch,Crest,4070,29,9,20,531.07,594.13
"1f764d50-64cd-4edb-a4de-55403c67e940",auto,Nimbus Tool Set Kit (P451),Nimbus,14450,95,22,14,123.4,188.97
aae29b57-1f37-4946-8f75-96dda33a9629,auto,Crest Seat Cover P255,Crest,19790,64,20,7,173.57,263.52
bdc1e43c-fb16-4119-abb0-f35c6f2d5aea,home_goods,Orion Lamp - Industrial,Orion,553,98,29,26,7.34,14.97
"04cf3f69-597e-40b0-92e3-7bbdf56356b1",furniture,Pulse Sofa - Minimal,Pulse,25762,163,29,19,753.34,958.91
a2ecead7-680c-4c7b-a457-be161b2dcdaf,fashion,Orion Sneakers (Blue),Orion,578,55,28,22,71.62,199.13
"3aac9ef3-05f3-44fb-b459-f313e94ab266",auto,Zenith Tire Inflator Kit (M907),Zenith,18300,15,24,13,93.18,140.25
"0490ef6f-68ba-4028-a284-a92c3f035a19",books,Four follow American yeah involve: Yourself behavior current start,Crest,637,24,16,25,23.37,34.44
abdf99f5-4495-41e2-90c1-4611a491af11,toys,Vertex Board Game (Black),Vertex,715,9,24,13,29.19,71.24
"6e751073-e2fe-489b-88ed-f331db85bc5e",furniture,Nimbus Steel Coffee Table,Nimbus,16553,171,12,29,344.47,578.93
eccefdfa-1066-48c6-b17c-7cf087f02fea,toys,Vertex Puzzle Toy,Vertex,579,7,8,25,18.29,48.21
"3dac4f21-5ede-491f-a298-cc5eb938968b",home_goods,Apex Lamp - Industrial,Apex,4194,94,15,18,41.78,77.55
b3f4e557-d35d-4a41-9f58-6e46dca16c97,auto,Orion Tire Inflator M466,Orion,17564,75,6,15,296.8,380.57
"181639f6-c51f-4b0e-a631-57cce8a96b8d",furniture,Pulse Bookshelf - Classic,Pulse,28295,189,7,5,257.47,470.93
a736fdb9-89aa-4ff2-b8b3-7520847145f3,auto,Crest Tool Set S524,Crest,19841,86,10,28,124.06,189.9
bd9d6e82-4969-4f63-a43c-cfa0dca47874,electronics,Pulse Monitor X785,Pulse,4351,46,15,17,352.38,407.1
"7fc0ed8d-6f56-427d-8684-c0ad99acd392",electronics,Zenith S522 Monitor,Zenith,1429,29,15,24,976.04,1258.25
"4b265ac5-5c99-49b7-8795-f781f7db3819",home_goods,Orion Knife Set - Minimal,Orion,2915,83,29,23,33.69,76.22
fa3b21f6-e2ff-45fb-9973-e9fb9937bba7,furniture,Orion Bookshelf - Classic,Orion,27194,112,9,10,98.58,170.87
"73cd19bc-7822-450a-9226-0bba08fb8a54",books,Pass these lawyer point: Ok six lot available already,Apex,571,11,21,18,17.4,25.49
"3e9fb25b-261f-404d-ba79-303f513b5692",electronics,Crest S383 Headphones,Crest,1734,16,22,14,906.15,1066.94
f8babc4c-baf6-47f0-bb81-4b2b1f420a93,auto,Crest Car Charger Kit (X662),Crest,3499,52,16,20,378.26,475.77
d8a4cdda-d175-4406-8755-a845e91ef417,fashion,Orion Cozy Sneakers,Orion,469,44,19,6,93.75,240.48
cd130ac2-44f5-4a5b-8bb4-bd7ad6e677b9,furniture,Apex Chair - Classic,Apex,42089,185,8,23,570.41,910.27
"13605ef1-6af5-4600-83b4-3ee92d8186a0",fashion,Apex Sneakers (White),Apex,275,32,7,19,109.11,281.98
b68c16d7-3d51-4116-86a7-1ac6654a2c76,toys,Orion Doll Toy,Orion,799,6,25,13,28.2,54.78
"4d9699e7-d9b3-4160-bb22-8d6292e90c5f",electronics,Apex Tablet M103,Apex,635,35,13,19,160.16,181.95
e09e8e26-cb06-4b78-bb2c-bbf515e8a953,toys,Nimbus Board Game Toy,Nimbus,437,5,25,5,13.07,34.54
"20d5a8ae-79ad-447f-b6f5-c9fdbc1c3f88",fashion,Crest Dress (Beige),Crest,827,59,27,11,45.07,111.07
e72568fc-55ff-4955-a8f6-4d29775074e7,auto,Crest Car Charger P158,Crest,11279,58,16,5,205.03,268.28
fe09727e-2077-453c-accf-e56757c5b78f,fashion,Zenith Backpack (Black),Zenith,420,32,6,17,20.13,47.05
"3a5799d7-89f7-4b38-b357-3b540c897a43",fashion,Zenith Classic Hoodie,Zenith,659,39,13,15,77.65,236.09
"7a73bea8-6053-49db-8d66-c23c04f74c05",fashion,Crest Sneakers (White),Crest,284,34,8,18,74.41,249.49
e626a9d9-8cd8-4c3b-ba0a-7fbaa77af206,home_goods,Pulse Knife Set - Classic,Pulse,1808,75,10,11,13.22,28.75
"80c3b85a-0f65-4337-9d25-b68241b7bbc4",auto,Pulse Car Charger M442,Pulse,16735,26,5,18,284.51,427.0
"87226b96-b567-4a7b-bd3b-0ddaeaef2a51",electronics,Apex Headphones M580,Apex,4962,13,8,10,1147.69,1453.17
c9b6e081-05f6-4f79-9a2a-84ce4461e07c,books,Anything specific itself painting focus,Nimbus,982,15,12,25,16.7,23.89
a196b554-2e82-44e3-99a1-b8d31077782f,toys,Orion Building Blocks Toy,Orion,692,23,12,8,8.46,19.34
c0bdc1e3-f323-47b3-92fb-a65129afa222,toys,Nova Board Game Toy,Nova,236,14,23,16,6.47,14.96
"47c5de29-c2a8-48fa-925d-41e75db55ebe",auto,Orion Car Charger X867,Orion,14375,36,17,9,229.81,306.56
"201100a7-e782-4610-89b2-98cd2fbb8b26",books,Base over its,Pulse,474,11,17,15,23.67,40.1
d8452696-7ddb-4adc-b505-f132225ca683,auto,Apex Tool Set Kit (X612),Apex,9472,21,27,13,345.19,496.21
"0ce1b926-ed3d-4636-8a4a-5500d75c4624",books,Science policy: Network star benefit toward true,Vertex,276,15,27,23,8.44,12.22
"16f9852f-febe-4eba-b371-90ae0adf513a",furniture,Vertex Coffee Table - Industrial,Vertex,29791,166,18,5,259.53,473.79
bac1677d-ab7e-42aa-9f0e-494f13915ce5,books,During culture reflect: Answer century travel space where,Nova,913,19,13,20,13.14,25.65
f81c7158-31c7-4596-b157-19be4425b13e,auto,Vertex Car Charger M499,Vertex,9147,30,26,11,162.52,217.28
"8bb02eb9-4d53-441e-85e4-f9feb6b9ae4a",furniture,Crest Sofa - Cozy,Crest,15524,104,19,27,692.86,971.76
"14d0413d-405b-4b94-a161-8cbc2dca5da1",toys,Nova Board Game (Beige),Nova,862,12,16,9,12.74,29.11
"87ad4051-96ed-4dab-a955-00049fcc49eb",fashion,Crest Industrial Backpack,Crest,197,37,29,11,43.8,132.19
"396ddf0f-72cd-4673-91d2-36d54d01f01d",auto,Nimbus Tool Set X521,Nimbus,4632,42,12,24,118.77,155.99
"0be8ed49-fc0e-4841-b19f-a668ade1a1aa",electronics,Apex Headphones S938,Apex,407,45,19,23,1523.23,1947.84
"04d0b5e2-4d1e-478d-a019-da5fb90aca53",books,When source organization time,Vertex,325,10,20,11,26.09,41.74
fd399ad8-4fd8-4af2-8d8c-7691c392c2fb,fashion,Apex Sneakers (Blue),Apex,722,39,25,14,64.21,211.67
c2cb3c27-a4ec-4f07-8a9c-f57c299e5430,electronics,Nova P987 Bluetooth Speaker,Nova,4103,16,9,5,213.48,239.04
c326b189-ac0e-46eb-af13-21bf2ed26c1f,electronics,Orion Headphones X683,Orion,4544,19,22,7,249.13,322.1
"38871037-e58e-4633-8d73-0c86e3b31938",toys,Pulse Puzzle Toy,Pulse,734,21,23,16,37.87,75.62
d33ae51c-3b21-436c-8c04-d803b13f94bd,furniture,Orion Sofa - Modern,Orion,36873,133,6,14,324.47,458.47
b314ed72-05ec-4aca-a93e-18e79bbb164a,toys,Orion Puzzle (White),Orion,695,7,12,10,37.36,99.48
"86ce63d8-6e1e-4e01-b9c0-be2a8873c001",furniture,Apex Fabric Coffee Table,Apex,26709,133,25,21,557.66,703.51
"4fca70c9-55d4-4d56-84ae-439b138aea9e",fashion,Nova Hoodie (Blue),Nova,559,23,5,23,38.43,102.65
"2921565a-a568-46c6-a252-f52cdae976ad",auto,Orion Car Charger Kit (S893),Orion,4828,21,16,29,187.99,230.91
"4d02d799-fde3-4c7a-9ee1-41c14942050c",electronics,Crest S959 Smartwatch,Crest,3945,31,15,13,1397.54,1731.01
"94849357-ec63-4f32-9597-560e751ca0ce",auto,Crest Dash Cam Kit (X582),Crest,8472,73,16,22,132.74,189.72
"067cc2e4-c0ac-4098-aa32-932702bd9724",home_goods,Nimbus Vacuum Set,Nimbus,4821,24,17,27,71.25,151.87
"6ed14e63-9951-44f5-9f3b-91c08e21b5b2",home_goods,Zenith Vacuum Set,Zenith,4470,34,18,25,87.97,167.51
"7ae3c83c-6895-4288-8d16-46ebad2e9bae",auto,Zenith Dash Cam Kit (S665),Zenith,17250,57,5,5,297.82,427.95
adb1d6e9-772f-412a-9ca7-cbf86b8aeb94,books,Glass site grow: Best late big,Zenith,616,17,14,18,24.97,41.41
"20f2f3e3-5f7d-414b-9157-2b51f95e50ae",auto,Crest Dash Cam Kit (S408),Crest,10107,11,26,27,137.12,185.49
cf41c2c3-c2a1-4685-8f22-f2cdfdd85a28,auto,Vertex Tire Inflator Kit (M465),Vertex,9553,22,19,7,154.18,196.93
cc9d7568-2fa1-4607-ad0d-4eb0ff76f7b4,home_goods,Zenith Lamp - Modern,Zenith,4848,11,22,17,38.8,78.27
"88490b9a-4b21-405f-9643-d85c649e4b1d",electronics,Pulse A252 Monitor,Pulse,2168,11,11,7,950.59,1168.16
f7eb1aba-1041-4a78-9a13-d0e1951f3a23,home_goods,Apex Vacuum - Minimal,Apex,4139,12,11,15,79.49,143.84
dc6d60ac-07e1-4971-a5fd-98804f8a65c5,auto,Nimbus Dash Cam Kit (S186),Nimbus,5610,48,19,10,114.2,170.71
c7ef9e6d-437a-4f3c-80f2-8076b9fea9f1,fashion,Nimbus Classic Backpack,Nimbus,495,49,24,20,22.48,67.5
ecbb628e-0f3c-4d08-a835-62ab9c0b099d,home_goods,Nova Bedding - Modern,Nova,1178,99,25,11,42.8,73.47
e5d0f389-b512-462e-ae04-9f3937ef61ee,home_goods,Pulse Lamp - Minimal,Pulse,1159,25,16,8,59.02,120.4
"6b109552-3cac-4bbf-91f2-df26badb8594",toys,Apex Puzzle (White),Apex,751,9,15,6,33.9,94.19
a89bc7ec-4432-4f2c-b740-832e00c55ee4,home_goods,Pulse Bedding - Industrial,Pulse,2879,51,25,19,21.84,49.69
c279815f-fc02-40f3-8a54-0aecee6c1024,auto,Crest Dash Cam Kit (P629),Crest,9516,48,7,21,306.77,411.02
ea708b7e-c79d-4f1b-be34-18e13ea4d215,electronics,Nova Smartwatch X984,Nova,1839,24,6,24,871.55,1045.45
"5c2a4207-f25c-43ae-9507-3a82fa942162",furniture,Vertex Desk - Minimal,Vertex,32812,170,6,8,752.63,943.32
efaab643-3370-45d5-973f-ffee83709126,toys,Orion Doll Toy,Orion,318,25,25,5,10.48,29.27
"885bf2f4-2909-41c6-9235-90cf53a1a0fb",books,Power happy hospital,Zenith,769,20,22,23,18.14,27.08
"8676c38e-639f-4493-93c2-e46aefc54015",electronics,Nimbus Monitor X906,Nimbus,1762,17,28,8,586.26,754.84
ef1705f9-96fa-4c5b-af17-91422c3ed9f1,toys,Nimbus Doll (Blue),Nimbus,752,11,16,26,17.58,48.05
d6fb1e77-95b6-4c35-8d94-15edba79da8d,furniture,Apex Desk - Cozy,Apex,20306,61,24,27,292.3,386.35
"2f8f0f89-49f8-484f-ab90-6d8d53c6fdbf",fashion,Nimbus Minimal Backpack,Nimbus,585,43,12,29,120.77,290.42
d1d4f2c1-56e8-4202-8f15-0e950644b661,toys,Nova RC Car (Black),Nova,592,8,5,14,28.41,68.27
"019720fb-8e86-41ee-8d54-80d93dcfcd57",electronics,Vertex M121 Tablet,Vertex,2744,27,17,20,1289.75,1497.87
cd42c1e2-461d-484c-b377-2c3a1460348f,auto,Orion Seat Cover Kit (M852),Orion,11715,80,10,18,82.29,107.07
"4fd2af8a-b268-4682-bfff-7b2906f39f79",toys,Apex Doll Toy,Apex,469,29,20,26,26.78,56.87
a8353ac6-3e88-4755-94a8-eed4728a6d89,toys,Nova Doll Toy,Nova,518,5,14,16,5.73,15.28
ed3aa54c-503a-4a11-9b9c-ebfca285529c,electronics,Orion Bluetooth Speaker P136,Orion,481,46,5,5,358.05,469.11
c1b0e78f-6c5f-43a6-b1a6-78e338183acd,furniture,Pulse Sofa - Minimal,Pulse,25711,112,24,7,162.51,243.47
"953dcecc-af25-4958-bad3-ff727fe51101",furniture,Nova Steel Desk,Nova,49821,95,9,24,299.16,595.22
"12d4ed2e-6a9a-413e-a48a-7ab6998bb14b",electronics,Orion Tablet M564,Orion,207,39,13,8,1164.96,1445.27
"0286e62f-dd19-46f1-8530-2d67617f1623",auto,Pulse Dash Cam Kit (P913),Pulse,7599,17,19,13,187.16,286.59
"468b7cbd-67ec-4885-abec-73186761af97",toys,Apex Building Blocks Toy,Apex,698,27,20,22,39.56,87.46
"3c9e3deb-aa47-4aaf-b729-229326b3916e",auto,Pulse Car Charger Kit (X817),Pulse,3051,64,27,14,84.6,116.7
f7414b9c-f15b-4725-93e4-85ad60660f8b,books,Truth become receive finish contain,Nimbus,441,11,22,7,17.99,27.64
"001304db-9813-4ffc-bf93-8b454eae1588",fashion,Nimbus Hoodie (Blue),Nimbus,948,27,23,15,39.47,102.71
"7a347858-b8aa-45ab-be44-0cf0b37adb75",toys,Vertex Doll Toy,Vertex,606,24,10,14,38.04,78.02
"602b044e-8a0c-476c-8100-4f350d8f9cf6",furniture,Apex Steel Coffee Table,Apex,33014,77,24,18,705.27,937.94
"0c56b5c1-2234-4bfc-9c36-2f3d1f5772ff",home_goods,Apex Bedding Set,Apex,1419,61,9,5,94.44,195.67
"6b35afcf-5a0d-4fe2-8686-bc0c37a5faa0",furniture,Apex Chair - Cozy,Apex,42474,135,16,17,632.46,982.94
"0e6f743b-71be-4775-b87e-c74368007df0",books,Actually anything possible: Lot tonight what agree,Orion,894,20,20,16,6.52,10.81
"423acc69-8e96-413d-ab5d-8014bba5dc76",toys,Orion Puzzle Toy,Orion,553,5,7,17,36.68,75.3
"6f95f1d5-4c8d-43c0-b14f-067119591317",electronics,Nova Bluetooth Speaker S611,Nova,3794,28,7,28,609.5,759.58
"974c613c-9ff5-4c72-99be-51a1621d7eb9",fashion,Nimbus Dress (Blue),Nimbus,940,41,27,13,69.14,171.6
"2288c479-16dc-4f95-9683-a7bfc97613f8",furniture,Orion Leather Bookshelf,Orion,49781,177,14,22,231.49,397.15
c440fe2b-7274-496f-bf31-93eded9e2a99,fashion,Orion Classic Backpack,Orion,321,47,27,14,71.06,235.03
"78880c84-ec57-471e-81eb-fc09450cc1ae",books,Turn big: Very coach administration same concern news,Apex,516,14,25,16,18.16,26.0
"53cd0af0-ffb9-4a24-9d95-8a2bae82e901",home_goods,Orion Lamp - Classic,Orion,2944,67,20,24,22.83,47.28
"192966e7-fb3e-4651-ad0f-66d978a52c1a",auto,Nova Car Charger Kit (X108),Nova,8380,20,9,12,59.85,83.41
d38b9815-cb85-4cd9-932c-a2df17ec6b04,books,Project which entire exactly,Apex,446,12,7,13,20.05,29.61
bfe77dde-3343-4193-a829-5f616d2fae01,auto,Nova Seat Cover M183,Nova,14124,16,27,24,297.7,453.17
"3952c856-34d0-435b-9ebc-4e05532cb5ac",electronics,Pulse X774 Smartwatch,Pulse,2141,16,8,12,1663.93,1931.58
"6c94320d-2174-4f83-8303-d1de294e053e",fashion,Apex Hoodie (Green),Apex,624,55,23,19,73.18,226.58
"566c26b6-e110-46aa-bd3b-6dfde2623e10",auto,Pulse Tool Set Kit (M803),Pulse,5861,22,9,18,144.04,215.39
"2251b086-a8aa-4ebd-b30e-fe5b8573565c",books,Occur itself: Step son body more beat,Zenith,990,17,29,17,27.42,39.94
fcd41d34-38ed-42d2-9245-9cdcd7671f10,electronics,Zenith A945 Smartwatch,Zenith,2917,20,15,19,375.47,439.92
e8461a18-11ac-41f8-8e9a-18f25ca33b5a,toys,Pulse RC Car Toy,Pulse,354,16,16,23,32.87,79.38
"27ede9a7-a989-4fd8-bb66-ad776c68a4c0",home_goods,Vertex Air Purifier Set,Vertex,4638,76,15,15,59.91,133.26
"421a3c9d-7d9a-4434-9a6c-a6c1c2f9ebe5",toys,Vertex Building Blocks Toy,Vertex,750,29,25,17,12.62,35.05
f77b653f-3d5b-40dc-a7a6-6e7f2e98d1f6,electronics,Vertex P536 Monitor,Vertex,1222,10,10,7,1435.26,1829.98
ac318d45-8342-4397-9674-21b782df2b2a,home_goods,Pulse Knife Set Set,Pulse,1859,54,29,25,50.41,114.2
"1a0327b7-c478-4b66-9605-8866dca070ce",electronics,Apex P826 Monitor,Apex,1119,33,10,29,274.97,366.55
"33238455-2c72-44ab-9e81-087fd187c594",fashion,Pulse Dress (Beige),Pulse,731,45,8,24,88.91,211.01
"0f10a9ff-3461-4cd6-8358-70d88c0128a2",auto,Crest Seat Cover Kit (M876),Crest,4275,84,22,26,319.21,391.04
"034bb2a7-5845-4280-badc-2e258bc55536",fashion,Zenith Hoodie (Beige),Zenith,688,39,27,9,67.95,213.9
a92a7bf6-557e-4744-9ab0-72e2a0e6bce3,furniture,Apex Desk - Modern,Apex,35123,137,18,7,172.21,426.55
c183a21a-62da-4589-b0f9-32fa319e0081,books,Financial produce next strong,Pulse,973,17,27,21,15.59,29.51
d4fb5c80-7521-4f01-adb2-585dcef3cecc,books,Old company maintain television: Early live dark raise against,Crest,710,11,13,7,15.11,25.41
"8e4f640b-2b39-47ef-b73b-9af59c209814",home_goods,Nimbus Air Purifier - Industrial,Nimbus,1504,54,24,25,33.59,60.81
ab1a077c-e2cd-4b86-bc9f-db50981f4be0,books,Music probably respond role story,Pulse,394,22,28,12,10.1,15.03
"537d0f87-894a-4af0-8830-85d84d18f26f",home_goods,Vertex Knife Set Set,Vertex,4961,24,28,14,6.84,12.09
a75c6a36-03dd-4d87-8a56-1c3300fb98dc,furniture,Nova Coffee Table - Modern,Nova,7292,95,28,16,92.03,216.04
"93467821-eb65-4cd2-83d2-544405376782",home_goods,Nimbus Bedding - Cozy,Nimbus,3889,10,23,12,79.38,148.28
d384f5e7-6599-41e2-922a-76fbbf19c5c8,home_goods,Apex Air Purifier Set,Apex,4909,36,23,24,38.97,91.29
f57f4004-df4d-40ec-a8c3-d5a3294312ab,electronics,Pulse A271 Bluetooth Speaker,Pulse,3448,18,25,16,993.54,1206.8
"3f35a8dc-c839-40b4-bfc5-e9780f7b70a2",toys,Nimbus Building Blocks (Red),Nimbus,114,12,7,18,29.99,84.88
"347c00c0-d2e8-4b33-9c46-e681205b1aa9",fashion,Zenith Backpack (Red),Zenith,377,48,19,8,85.61,278.75
a470a7e9-2fbb-46a0-aabc-46a7b549ab0d,toys,Orion Puzzle (Blue),Orion,200,7,28,23,8.4,17.6
"45261cac-bd1d-40d6-b06c-4d58033a6742",electronics,Vertex Tablet X745,Vertex,3959,48,16,13,142.46,183.42
"84b7c444-884b-4ef2-8b60-818be185c89f",toys,Apex RC Car (Black),Apex,777,9,28,24,11.55,24.06
"547c7251-5b8c-4ddf-8f43-d5976d2029ac",furniture,Vertex Oak Desk,Vertex,35052,132,19,11,180.73,421.16
"8b2df59b-e275-4458-bb22-f8b2d7b3be54",auto,Orion Dash Cam A379,Orion,19984,84,12,25,105.46,148.3
"289d3f25-4af0-4698-8c16-3395a2d1e02d",furniture,Crest Chair - Minimal,Crest,9803,112,14,20,201.46,489.7
"2db7f5ff-807a-4767-92ea-5d0fd7de039f",home_goods,Nimbus Vacuum Set,Nimbus,1984,99,12,23,69.31,167.17
"9355ebe3-34d0-4a09-8fb3-a5d47ad38079",electronics,Orion Camera S127,Orion,2423,15,26,10,1031.92,1353.84
"85230d30-a823-43ae-90bc-85072683681d",books,Look trade: Knowledge from understand foot growth decade,Apex,249,22,19,16,24.6,40.61
"48dbf335-d4e6-4d67-a5e8-91e4b68c91e3",auto,Apex Seat Cover Kit (M432),Apex,18577,20,5,18,256.24,357.14
"3c2c609a-ed1f-4b87-888e-b4ce0d07c92d",home_goods,Nova Lamp - Modern,Nova,3334,18,25,6,93.61,190.76
"7a728921-0762-428b-9c22-532d712be9dc",electronics,Nova X570 Smartwatch,Nova,319,31,14,10,584.98,697.96
a4096868-926d-483d-98c4-bad880d4bfdd,home_goods,Orion Air Purifier Set,Orion,1023,29,29,12,36.96,74.44
"988ea32c-79c9-4e99-aedb-46912e7e3ede",auto,Pulse Seat Cover Kit (S548),Pulse,1701,66,6,5,263.59,328.14
"6bad3e8e-9b13-41f8-b1c8-9e6d89500818",fashion,Pulse Modern Jacket,Pulse,500,26,26,16,84.54,209.99
"442b6cb5-693c-4fe6-aa5b-67b3d4770489",electronics,Apex Tablet P822,Apex,3411,30,29,9,1282.79,1691.66
b1ffe3e1-1c5a-4436-a1c2-d8df1c278c88,toys,Apex Board Game (Blue),Apex,470,11,22,26,36.43,71.31
bdf68e60-99f8-45e4-b982-a005846dca9b,auto,Orion Seat Cover S181,Orion,8856,76,13,9,256.03,358.11
de70a9e9-4854-41ec-8cc8-d70ba94e510b,home_goods,Zenith Vacuum - Industrial,Zenith,1239,84,23,18,7.25,16.72
"28fbedaf-30dc-4baf-af92-6605dfcdf7e3",electronics,Nova Bluetooth Speaker S305,Nova,2858,11,17,13,1587.1,1904.53
"300d2b6e-ebb2-456f-b533-3567563f239b",electronics,Orion Smartwatch X231,Orion,3021,17,6,22,154.8,205.39
d465d96a-87a5-47b0-acf0-2ca92673a77d,books,High need everyone food probably,Nova,682,10,25,12,23.06,33.48
d80e6f49-e1e9-4088-9ac5-767a47f7b3e8,fashion,Pulse Sneakers (Blue),Pulse,329,45,6,7,113.03,251.37
b30236d1-5cd8-48aa-a42b-d1ed2eaff93f,home_goods,Zenith Lamp - Classic,Zenith,4282,84,25,10,86.4,191.59
d6c4103f-7c90-4bb8-ac0c-d41e3d99008f,electronics,Orion X532 Camera,Orion,2997,35,12,19,1233.55,1435.71
"15c2ea76-3171-4b79-92ce-b598153a2167",electronics,Orion S459 Camera,Orion,229,17,10,9,1285.67,1700.0
a280910b-1b80-4256-b9a5-a17bed8b3053,fashion,Vertex Industrial Backpack,Vertex,871,25,15,18,31.87,110.74
a4370a07-55a7-43d9-a582-a20882eee70f,electronics,Zenith M375 Bluetooth Speaker,Zenith,279,13,12,13,413.03,471.54
"2c6a83d8-7613-4ab4-a160-5f79014cfdfa",furniture,Crest Fabric Chair,Crest,23535,70,7,25,135.07,203.9
ab0f39b4-96b1-4fe8-a71d-a032f7b64123,books,Dog trip: Her letter interesting country,Crest,961,14,29,9,14.92,25.76
"45de3be5-56ad-4961-a154-865a2c404e35",furniture,Orion Chair - Minimal,Orion,11565,132,21,20,234.44,404.81
"49862a6f-7ac4-4853-8b72-dc603d5180bc",fashion,Nimbus Backpack (Black),Nimbus,635,55,17,15,25.97,74.87
"2b059263-332c-4de3-a856-9ee90caed0a7",toys,Vertex RC Car Toy,Vertex,625,19,17,26,31.43,60.92
"7e0ecfef-66db-4f64-bd77-f4125ba00ba2",home_goods,Orion Vacuum Set,Orion,1355,33,14,22,83.76,143.63
"1ae07a75-f433-4cdb-b0c2-bc65567ca8ce",furniture,Nimbus Leather Sofa,Nimbus,26867,66,11,12,231.77,509.6
"0e346235-ff9e-46d6-acfe-d84c2548b45b",fashion,Nova Sneakers (Red),Nova,858,53,28,5,53.89,145.0
"41397cd3-e880-4b83-8376-c4646aaf6cf1",auto,Apex Tool Set Kit (M429),Apex,8349,21,25,16,341.32,442.39
"372684f1-b962-4a12-be3c-9e03cb8a70e9",furniture,Nimbus Fabric Coffee Table,Nimbus,37731,180,20,19,193.23,422.2
"0597ceca-9991-4cb3-a9ef-46e0a09bfdd6",electronics,Nimbus S141 Camera,Nimbus,952,14,8,16,492.43,581.02
"65db6773-00ed-41ad-b182-202d2590b61f",toys,Vertex Doll Toy,Vertex,233,10,7,22,14.64,27.07
"9ce306cc-b567-4202-bb49-9ea2641dac72",furniture,Orion Walnut Bookshelf,Orion,13349,100,6,15,229.46,414.53
"5720767a-a5ff-4d0e-9128-8ff490d193fe",fashion,Orion Sneakers (Red),Orion,180,50,8,16,73.52,175.42
"28b4eabc-7642-4b15-b9ac-275c6ba4c17c",furniture,Orion Leather Desk,Orion,10755,191,13,28,376.77,570.47
"2b1ffc38-0a9f-4d68-9e7e-a827dee8c07d",auto,Pulse Dash Cam M382,Pulse,15635,30,17,22,283.86,413.74
"20338152-c188-45e4-a99d-e5716a9674f3",auto,Pulse Dash Cam Kit (X714),Pulse,1407,31,19,8,169.31,257.48
"914fa487-46f3-42e5-85ee-c05ae38fd3ae",toys,Apex RC Car Toy,Apex,862,10,14,20,42.9,88.1
f68900bd-90a3-426f-afff-10e4c321b768,electronics,Apex Monitor S522,Apex,4731,23,9,8,964.36,1100.28
"18d57f06-677d-4ede-b08e-5da6e6e54ea3",electronics,Nimbus Headphones S480,Nimbus,2362,36,5,29,677.22,849.46
facb0026-a27d-41af-b089-7b6a7f34bf15,furniture,Orion Desk - Cozy,Orion,14103,130,20,29,73.75,109.21
"67a5d79f-81fb-4589-b723-87e37e9f8f1c",home_goods,Pulse Air Purifier - Modern,Pulse,3265,33,15,28,94.16,187.72
dba76d6c-f93c-466a-b035-673fd66c9191,electronics,Vertex A892 Tablet,Vertex,610,40,11,11,834.77,969.96
ce2be7d7-2bf9-433b-988e-3d4d4c91e916,toys,Pulse Doll (White),Pulse,845,5,29,28,28.89,79.67
b8e704f6-85ab-4393-afde-504e5775bd5d,auto,Crest Tool Set Kit (X293),Crest,16509,71,26,17,283.94,397.09
"9d667931-1ea3-4958-874e-6a0e62a850ca",home_goods,Pulse Lamp - Classic,Pulse,2308,59,10,17,64.38,109.62
"2b31ad74-e763-4703-93ce-4dadcf940778",electronics,Apex Headphones M709,Apex,1310,43,12,21,1043.45,1283.08
"2250c096-5c8a-43dc-82ad-2e6817326f09",fashion,Nimbus Cozy Backpack,Nimbus,905,37,22,22,10.66,41.43
"6992f914-0817-4350-b509-42abbb341f49",auto,Nimbus Tire Inflator Kit (M686),Nimbus,7425,43,27,19,210.82,279.26
"6bdaa920-3373-411c-acf1-5e01fa2f9b70",home_goods,Zenith Knife Set - Industrial,Zenith,3211,29,23,6,12.32,27.08
"6a828dbe-bca9-44ba-ab32-e6ca6d8d77f8",fashion,Zenith Minimal Hoodie,Zenith,277,36,10,29,21.99,53.54
"6ea61b29-c166-40b8-b112-f170da353d74",fashion,Nimbus Jacket (Red),Nimbus,577,54,29,28,48.91,131.68
e5c21e63-a2fd-40fd-8a93-6e3eb2f162bf,auto,Orion Seat Cover M780,Orion,6834,23,16,27,302.42,409.79
e105d416-fa4c-40aa-a572-0a63963a76d2,toys,Zenith Puzzle Toy,Zenith,490,27,28,20,15.29,32.05
f609e442-03cd-44b1-8ae3-d7696d21009d,furniture,Orion Oak Coffee Table,Orion,35385,162,28,7,353.89,585.56
"0ea6ba79-a80c-483b-aa6e-630ba8c3857f",electronics,Zenith Tablet X700,Zenith,2482,41,13,8,1129.27,1402.67
ccc96669-976f-4799-a454-1d0128d0803e,toys,Zenith RC Car Toy,Zenith,597,12,19,5,39.27,90.31
"44f1ad0a-0aa0-4be3-beb5-af9a22250ceb",furniture,Apex Leather Desk,Apex,28976,85,8,15,327.36,646.75
c6473e15-ddb4-42da-bea4-f1ffe947e5a1,books,East wide reality red,Orion,205,21,14,5,14.85,25.4
"770a34b8-8dec-417e-8025-a5dc4a3cb381",fashion,Nova Hoodie (Green),Nova,289,43,28,20,59.24,146.59
"74f4fd2e-33d0-4957-8550-3b6ec6f565cc",electronics,Nova Camera A909,Nova,430,47,29,20,1081.98,1311.58
d4f26d87-7dc3-4ef3-abf4-6343e99a3802,auto,Apex Dash Cam A484,Apex,7617,32,11,21,327.51,411.09
"195f1a2b-9b50-42db-a164-e8d03076d586",home_goods,Apex Air Purifier Set,Apex,2659,48,10,19,51.29,102.1
"14a53823-84f1-4f17-9fef-751478c32437",auto,Orion Tire Inflator Kit (M346),Orion,1691,60,17,24,289.65,394.04
"037e713e-2545-450f-a362-106cc051f44f",furniture,Nova Chair - Classic,Nova,49455,108,28,19,389.97,515.62
e2f4a111-7e0b-4955-8e8b-1c10622df371,home_goods,Orion Knife Set Set,Orion,2261,92,26,14,83.47,157.13
b84ffaf3-7da5-4715-b367-292b6b2de05a,books,Become account coach late,Nimbus,635,15,15,28,26.81,42.17
c5475bc7-2398-44a6-a22a-d192134e1696,auto,Apex Car Charger Kit (S306),Apex,8136,40,23,10,114.13,134.73
a286eebf-41e0-47fd-9980-bec8b108403b,books,Purpose yeah hospital follow,Zenith,463,14,5,19,12.18,21.62
efd6dfc5-a60d-4aa8-ac1d-2a105b8f3558,furniture,Nimbus Steel Chair,Nimbus,40144,135,12,23,210.43,405.55
"4e7d4830-9be2-476d-af48-fcf710d087aa",electronics,Zenith M401 Monitor,Zenith,2411,26,20,9,994.04,1173.6
"19494131-5677-4ba8-a465-3ed95f8deab5",fashion,Orion Hoodie (White),Orion,607,20,8,17,50.52,123.12
bd3040de-b7af-4996-864a-6e3585ef59c4,auto,Orion Dash Cam P798,Orion,13653,14,29,5,217.04,305.96
"238ac5fa-8747-47f8-adc0-d28aa44c5e4b",fashion,Nimbus Cozy Hoodie,Nimbus,355,43,25,17,94.31,256.29
"7b472020-d2b1-4da9-bb9a-973d3aef8f1a",auto,Vertex Tool Set Kit (A835),Vertex,15771,66,23,20,190.72,288.48
e84f6717-1287-45c2-8f2c-21150d548b88,toys,Nova Puzzle (Blue),Nova,368,6,21,26,11.21,24.44
"0b661193-087e-4522-aa2c-5f0b8635f648",electronics,Apex Camera S425,Apex,2726,34,27,7,727.6,850.67
e344cbd6-86ee-4a02-b5fc-6a4fc9e922ea,furniture,Nimbus Oak Bookshelf,Nimbus,8943,79,26,17,633.99,834.02
"1e2f0276-b5e1-4403-828b-60ff8ee086bd",toys,Pulse Building Blocks (Beige),Pulse,160,26,19,10,9.92,24.99
"94b0edda-5b6a-4016-8eb7-8793e9914ff1",books,Agree those onto sometimes west,Pulse,349,22,20,28,23.57,35.29
"1ebf2a44-2266-4fcd-836a-7508928fdeb9",electronics,Nimbus A789 Bluetooth Speaker,Nimbus,526,44,18,27,942.97,1078.24
"655be87a-7eb6-46cc-87a4-211cf5bb14c8",electronics,Nova Bluetooth Speaker P957,Nova,4463,47,29,27,1035.28,1297.98
d0f325a5-1305-46a0-a76a-3c80508e28b5,furniture,Vertex Chair - Minimal,Vertex,6763,198,20,8,180.89,253.99
"0bb4192d-68e6-44c7-9dc7-662c96eb0a67",home_goods,Pulse Air Purifier - Industrial,Pulse,2354,64,23,16,19.09,44.9
"3698fce2-7f00-43c9-b9bc-0e2d90850094",fashion,Nimbus Modern Jacket,Nimbus,985,23,12,26,112.87,260.22
"56e3e038-24ec-4092-8967-beabf0def00f",books,Wide evidence,Apex,452,24,5,7,8.0,13.86
c68e388c-ec66-498b-8155-da8ddd92f341,home_goods,Nova Knife Set - Industrial,Nova,2647,47,5,18,55.74,119.79
f1c15953-a7ce-4edd-8019-094153b43bc1,auto,Nova Tire Inflator A417,Nova,6456,96,5,9,49.18,69.94
"8ac44139-7ce0-4b19-ba6d-fb49a0cef260",furniture,Nimbus Sofa - Classic,Nimbus,22278,184,8,7,65.21,138.27
"070211b9-b289-4e78-b82b-461d46159260",furniture,Nimbus Sofa - Cozy,Nimbus,49242,122,18,25,68.96,118.3
"9364a130-0427-4600-ad95-e1bb8c5ae28a",fashion,Nova Jacket (Blue),Nova,268,52,26,9,41.44,137.72
"9cb2b371-4778-4f79-9454-89b1b5422f28",home_goods,Orion Bedding Set,Orion,3861,47,8,23,49.17,87.63
"61e07199-35d2-4359-950c-cc134b15f706",auto,Nova Car Charger P100,Nova,15259,18,21,12,65.35,96.47
dbf59646-1dbb-4481-928f-36230d59a1be,books,Enough option,Crest,604,17,29,17,9.37,18.37
d0131155-a833-4a64-b8ed-54f49d343ada,furniture,Orion Steel Desk,Orion,36382,159,29,28,624.08,923.65
"2d2921a7-e127-43be-a289-50a1a85c1ce7",electronics,Nova Headphones P526,Nova,2487,48,24,16,1065.56,1377.14
ba17f7b3-c084-46ac-bc53-d54683fd1cfa,electronics,Nimbus X855 Monitor,Nimbus,293,16,16,27,107.53,131.35
bf4287b5-775a-482f-aac5-ee613439e19f,electronics,Crest Tablet A491,Crest,3741,36,21,27,145.36,180.57
"4e0105af-9062-4349-9a11-bd433db5f2ec",home_goods,Apex Vacuum Set,Apex,2931,65,28,23,100.96,199.11
"737a8601-260d-4fa7-a618-cf5a2045f43f",auto,Pulse Dash Cam X509,Pulse,6452,98,10,20,206.84,308.74
"6dd5d8e0-6133-4649-8e3c-09f92956932e",home_goods,Orion Bedding - Minimal,Orion,3296,24,24,24,92.44,155.38
"1dac2823-39c6-4cc0-8222-4f04185a78d8",auto,Orion Tire Inflator Kit (A432),Orion,6210,47,28,19,65.91,100.05
"4c9d581b-5c95-4f28-936a-c050f973cb8d",auto,Pulse Dash Cam Kit (M768),Pulse,11663,87,15,16,63.86,81.62
"31502bc6-02c1-4658-8a42-13dc276150e2",auto,Zenith Car Charger Kit (P208),Zenith,9762,48,20,17,302.95,393.41
d71013cc-0515-4eab-9ed6-342c475c3e83,home_goods,Crest Air Purifier - Classic,Crest,3584,85,20,18,44.67,106.88
"7c05ed95-cf0d-44bc-9993-1d93480a2922",toys,Vertex RC Car Toy,Vertex,972,12,16,20,35.05,79.37
"36793669-20db-4bd0-b17a-7873b9452973",electronics,Nova Tablet A582,Nova,4872,49,10,13,561.79,699.7
"77f209f4-29d4-4866-9fd0-cdf252e782f4",furniture,Orion Desk - Cozy,Orion,41964,146,18,26,200.18,413.52
dba5d292-fc3a-4b31-89d0-4ed031ab0dd9,fashion,Apex Minimal Dress,Apex,505,44,27,22,61.84,198.02
bb7e048c-c1db-4f14-b98b-6758cd506359,toys,Apex Doll Toy,Apex,884,8,16,22,37.88,84.21
"824e76d9-4ff3-4ebc-8f57-df62ae436651",home_goods,Crest Lamp Set,Crest,1593,78,14,21,6.33,12.9
bf60d89b-75a6-49f7-8092-7b7a55ac5d20,electronics,Crest Bluetooth Speaker A709,Crest,4134,18,16,14,160.77,209.46
"655e743c-ee08-4465-8581-5e0ba3e9feb1",home_goods,Zenith Lamp Set,Zenith,3597,45,18,29,28.75,56.78
"6f902323-d91f-4e6b-b457-bbe6844f87f0",toys,Vertex RC Car (Black),Vertex,307,25,20,8,6.43,17.72
f4bf875a-ce75-47dd-921e-d855c269bfb0,home_goods,Zenith Knife Set Set,Zenith,3955,16,12,25,48.33,90.35
"1572c89d-6905-4e12-92f1-440100f85e16",home_goods,Crest Lamp - Minimal,Crest,4201,43,9,5,11.34,20.85
"63961f35-2d98-4afe-b427-6e81a770d4d8",electronics,Vertex Bluetooth Speaker P840,Vertex,455,23,12,24,1503.16,1824.64
"8f28a95b-aafd-4269-9078-c3869f7390ab",auto,Vertex Tire Inflator Kit (M682),Vertex,17157,32,26,19,120.12,171.39
"4d8ab6bd-70e9-4d73-a4a8-0158add8b544",toys,Nova Building Blocks Toy,Nova,105,20,26,18,53.47,97.94
ba4dac64-529d-4809-80e9-6916693cf470,fashion,Pulse Sneakers (Black),Pulse,954,36,25,20,21.51,78.92
"8732105e-11da-43ce-a608-2a724b86c6f9",auto,Vertex Tool Set Kit (A689),Vertex,11927,69,13,12,148.23,213.46
a6949163-e32b-4a65-8633-0b91a91872cc,toys,Apex Building Blocks (Red),Apex,861,28,29,8,20.2,52.26
"97fc1140-ef60-4ce3-8426-86149a89df05",home_goods,Crest Lamp - Classic,Crest,4962,72,7,22,72.77,125.52
bddea95c-8ff2-44d4-812c-ae29e4518ec2,furniture,Nova Leather Bookshelf,Nova,16811,194,17,12,399.06,910.09
f038616e-2f1f-4cb0-85cb-30ab3be08d6a,furniture,Orion Steel Bookshelf,Orion,45430,60,15,12,506.75,816.89
d8a8d51c-48a6-4092-837d-808d8e146848,books,Beautiful strategy should ability especially,Vertex,620,12,27,7,11.81,18.22
"1f9330f8-7e4f-4cb5-8061-aa1ee536f2e1",fashion,Orion Backpack (Red),Orion,844,55,13,6,26.04,78.22
"154ffaed-7dea-4da8-a60e-c60cb751ea8a",fashion,Nimbus Modern Jacket,Nimbus,817,28,26,16,59.45,171.28
d099d399-f423-4920-b10b-2cf3346b38ed,furniture,Pulse Chair - Minimal,Pulse,29588,84,10,25,66.43,108.78
"5d60c81d-e69c-430d-bf44-d2716d614ca6",books,Apply imagine amount maintain oil: Defense imagine indeed plant,Zenith,736,16,19,7,17.86,27.11
"59148f0f-3f81-4a9c-af0b-e3d5a0a517c4",home_goods,Nova Lamp - Classic,Nova,2921,55,6,18,83.54,175.66
"6e1a7777-2b12-4e89-b1fd-638ec7f44c31",home_goods,Apex Knife Set - Minimal,Apex,3070,38,19,18,67.95,115.07
fba37fcd-a718-4fce-80b4-d6dc069c9a79,furniture,Zenith Bookshelf - Minimal,Zenith,28830,60,11,21,428.13,785.19
fdb90262-8f49-438b-9d7f-3816829203c3,toys,Orion Board Game Toy,Orion,114,24,27,12,39.92,91.46
"9f4be910-9c9b-4021-b2ac-4a470756f4ce",auto,Nova Tool Set Kit (A392),Nova,2572,22,8,9,317.23,374.78
cab63f7a-1a37-40a5-b60c-e639d1ce06f9,furniture,Nimbus Coffee Table - Minimal,Nimbus,21085,183,25,27,188.27,427.19
e30aae9a-9b77-4c33-88c4-e63d329e2d6d,books,Discuss soldier decide quite: General look reason cover building,Nimbus,789,20,19,20,19.16,28.61
f27c1393-6389-4f20-ba1d-81abe9fab1d7,electronics,Pulse X517 Monitor,Pulse,2563,10,8,14,252.0,315.58
e8b4a712-9404-4b6a-aec5-ba04b968da08,furniture,Crest Chair - Industrial,Crest,28340,199,21,29,107.12,210.28
"222aaa73-b840-45c3-917e-0ab6e0d91383",furniture,Apex Steel Bookshelf,Apex,48824,127,16,21,358.06,817.63
fe9d5389-48fd-4309-b6d3-dadd1f787248,fashion,Crest Dress (Green),Crest,823,59,26,13,30.32,96.36
c555971c-c637-4ffe-b51e-f34e997f0f5e,fashion,Vertex Jacket (Beige),Vertex,979,20,12,20,47.46,119.03
c095e1b0-a03a-4dd3-97f0-7f04e397051f,books,Pick space this have can: Finish down technology stand outside,Nova,868,19,13,8,18.42,26.72
"12859d94-c485-4e7a-8318-8c16eb79722c",books,Continue lead,Orion,562,21,22,28,26.11,41.3
"14130054-6fe8-4b0e-9bfc-79f19cb18b1e",electronics,Zenith Smartwatch P253,Zenith,4681,10,23,19,1079.2,1299.87
"972adbb5-dfc3-44c3-b085-a0042356961e",toys,Zenith Doll (White),Zenith,783,8,17,13,40.83,85.7
"5d755d64-6cf7-4d17-a953-e6ea00abd771",fashion,Pulse Classic Dress,Pulse,538,40,10,19,77.86,197.72
bb259b02-8841-440c-9ba2-45e29bfbfe65,electronics,Crest S606 Headphones,Crest,2729,29,10,29,1116.99,1417.75
dc0eba1a-3a8f-4ff4-81ce-ee7fa3a18a3e,electronics,Orion P367 Tablet,Orion,2047,40,8,26,1204.66,1542.38
"4f197ba0-b676-4d6a-8ab5-9c7cf8eadbcf",books,Fire present clearly usually,Orion,587,12,26,22,20.15,34.54
"9aa8402e-7749-4d70-afff-b4c4c492ffee",furniture,Orion Walnut Chair,Orion,5103,101,8,7,483.74,816.29
b6071e35-450a-4a53-9a03-cd1148999d0c,fashion,Vertex Minimal Backpack,Vertex,414,41,12,22,26.31,98.67
d1c12310-e34f-4074-bd22-ee47f25de436,electronics,Apex X869 Headphones,Apex,1547,41,24,13,1173.12,1428.21
d6cbe96a-d1ba-45d4-b91f-ae711cf56967,electronics,Apex Camera A944,Apex,4954,49,5,15,780.2,988.5
f37ac68c-babe-4c2a-b5aa-6548435e5ec6,books,Evening trouble exactly natural,Pulse,685,20,19,25,16.08,24.28
"7641788a-f51a-4847-9149-71397c8bf09c",books,Commercial next respond: Entire into think benefit color,Nimbus,956,19,29,21,27.19,40.37
"3e702943-0937-4cde-ac7c-89716108b6de",books,Yourself performance get especially: Step design box result,Zenith,401,21,20,22,21.11,42.02
c3a06be4-288f-4aab-aaba-15f9024c58e6,home_goods,Apex Lamp - Minimal,Apex,2408,13,11,11,18.44,31.54
"182f21ec-c1a3-4509-81c6-ff61f2e88932",fashion,Crest Backpack (Green),Crest,836,54,28,20,47.97,155.43
ab7627e6-e762-405b-9cd5-a20ab353461e,toys,Nimbus RC Car Toy,Nimbus,634,15,18,8,13.42,30.15
fda28661-2d5b-4c9e-9c37-7c5943853660,books,Election though chance ask,Apex,922,24,16,21,28.16,40.41
ebef995c-c962-414f-86eb-b694e0855964,auto,Apex Car Charger Kit (X713),Apex,8758,52,21,23,96.76,123.03
"7b7d95d2-68cc-45a2-acfa-07f856fa8cfd",electronics,Pulse Smartwatch X318,Pulse,478,29,28,13,485.6,593.19
"0c0703cf-9326-4bd1-b87e-9b52c639d1df",fashion,Nova Backpack (White),Nova,855,38,16,14,81.84,202.89
f642c4d9-fede-4261-87c5-e60c1d412798,fashion,Crest Classic Jacket,Crest,344,58,27,15,83.7,245.73
f6ce1bb4-63ff-455f-a2e7-90d21dd568d2,fashion,Orion Dress (Red),Orion,717,21,16,29,71.91,221.11
"5747dffd-98c1-44a2-8fb2-e5424d909e8a",furniture,Nova Sofa - Modern,Nova,37225,163,6,15,335.05,555.67
"8f4c3941-5390-4ec0-b199-0a31fa1deef9",auto,Vertex Car Charger Kit (S808),Vertex,1352,57,28,9,261.9,393.75
"0e88ff02-746e-4719-bdd9-5073dc9864c8",electronics,Orion Tablet M989,Orion,837,47,7,10,1612.71,1879.45
d4cb9f3a-051a-4b72-84b2-7869f746174c,furniture,Nimbus Fabric Sofa,Nimbus,48247,172,24,20,549.59,925.09
aa280f46-da26-47c6-922b-761ced2be986,fashion,Nimbus Classic Backpack,Nimbus,879,53,9,28,78.65,235.29
"945fe9c6-49ed-4243-8fec-82a9db38695f",electronics,Vertex M354 Smartwatch,Vertex,4668,38,12,12,97.31,128.32
e6721fe4-6f3a-4044-8e89-73aa542c73c9,toys,Orion Puzzle (White),Orion,225,20,26,26,24.08,48.48
"813e2151-9ff6-4bfe-8cbf-aab3628bf822",books,Per success watch ability: Base speech participant,Crest,976,15,9,13,8.85,16.67
"4c3453aa-328d-4dd9-ac3c-6a25bfc384f9",toys,Nimbus Building Blocks (Blue),Nimbus,188,13,13,25,17.32,36.25
"453d7b88-a032-4d48-9e62-34aaa454404e",furniture,Vertex Coffee Table - Cozy,Vertex,13791,161,11,13,411.86,592.36
"6b5c12e8-b901-4a8e-8bcb-9501aa5e073d",auto,Nimbus Dash Cam Kit (M807),Nimbus,12215,86,17,18,312.63,432.94
"25c6581b-9f78-4824-b760-54315aa53eea",books,Financial strong life public,Zenith,414,18,13,11,21.13,37.03
"4070f99a-5039-4910-9220-a0079e64c44a",auto,Zenith Dash Cam A378,Zenith,8832,65,25,17,70.21,103.05
ba116780-7486-4838-bcd6-ec230c2d4d1e,electronics,Vertex Bluetooth Speaker A674,Vertex,2444,10,17,9,1045.56,1349.15
"4e3f1fde-f293-4682-8d24-69d11ffdf7db",fashion,Nimbus Hoodie (Black),Nimbus,872,41,5,8,94.02,264.08
"28d9b5a3-eb43-4eb3-8adb-3f0561ed33ec",toys,Vertex Board Game Toy,Vertex,266,27,19,14,39.15,88.85
f7347a4f-4566-452d-a43c-662774d263e1,electronics,Vertex Bluetooth Speaker X229,Vertex,1366,12,15,9,1466.35,1679.97
d1408ae8-a894-4262-8bf4-04acf81538ec,fashion,Zenith Dress (Red),Zenith,848,31,15,5,13.32,36.34
"001006dd-cbbd-41b9-9b6b-3607f0ab1981",fashion,Nimbus Minimal Backpack,Nimbus,286,35,11,29,88.1,200.17
"04c9447a-1d21-4e90-a446-5f54297b8dfa",electronics,Zenith S943 Smartwatch,Zenith,1642,31,26,7,417.88,466.14
"63c2311c-479d-4f12-866d-d5dd8bf24c3b",electronics,Apex Bluetooth Speaker A351,Apex,3400,10,7,26,1234.33,1454.62
"5e5c75a6-dead-4374-9bec-ba3250f95f8a",fashion,Orion Hoodie (Red),Orion,121,43,8,22,75.23,208.87
f7357aff-e755-4320-83a0-087862d3a123,electronics,Orion X316 Smartwatch,Orion,2605,35,11,29,251.11,329.28
dd1b1f14-29c9-4e7f-b12c-2bca9f6a816e,auto,Pulse Tire Inflator P905,Pulse,15555,16,5,24,325.27,421.05
e4b1a985-bb58-4a5b-8da4-8cf481ab0cb9,fashion,Orion Industrial Jacket,Orion,912,52,10,16,35.85,89.5
ecc40aa4-0dc9-4c3d-b5ff-7a7c1e9cba49,electronics,Crest A490 Smartwatch,Crest,4503,21,14,7,866.19,1046.05
a6c24a5b-3a4b-4cc3-975d-867a46f1d15e,home_goods,Vertex Bedding Set,Vertex,4142,15,15,6,97.53,166.61
e9ec88f0-bf94-47ee-9f4c-d5d177e31619,auto,Zenith Car Charger Kit (A909),Zenith,1196,42,28,5,333.02,463.31
"255c3681-e674-44b3-abb1-faf14019727f",books,Program as term,Pulse,945,12,8,16,14.83,23.72
"49425d5c-72f9-4af7-9fa6-87bae24f9375",auto,Vertex Tire Inflator Kit (X938),Vertex,1047,12,27,21,100.99,138.56
"55d3ade1-ea2b-489c-87ad-4185116b93fa",furniture,Vertex Fabric Bookshelf,Vertex,5961,113,27,27,371.37,517.71
"9a7c1b2c-38f5-45cc-8407-b4de8e2fc297",furniture,Orion Bookshelf - Classic,Orion,34055,96,10,8,358.89,790.62
"51daf0d9-f6b8-4ad8-be44-d36412a8385d",fashion,Crest Industrial Backpack,Crest,920,30,24,15,64.42,175.61
d899d26e-01c9-45d8-ab7a-f3db5d7cb8b4,books,Agree spend quality person go: Process few ground plan test red,Pulse,714,22,9,29,9.44,15.32
ef31c939-8b7c-496b-996e-3d625dd604d8,home_goods,Pulse Knife Set - Modern,Pulse,2546,69,7,16,6.95,13.09
"9932f15f-8383-4370-817c-b8a5d737afa6",auto,Pulse Tool Set Kit (X120),Pulse,11073,89,16,8,328.06,431.14
"812ef153-f469-4dea-b87d-1e2bb477f863",fashion,Nimbus Jacket (Red),Nimbus,886,49,16,14,14.65,57.01
"3bba6f66-6eb0-420e-ab1c-a26574a4b5e3",home_goods,Crest Vacuum Set,Crest,3800,55,9,22,83.21,189.97
"358720c5-b5a7-4148-9df2-be92dc1b3368",furniture,Pulse Steel Sofa,Pulse,9528,135,6,11,221.12,374.53
"02b8e3fc-db41-4f58-a156-97f34d4a24a0",books,Own evidence side: Special east action ever how person,Nova,711,23,15,16,7.79,11.52
"11a2fd59-f9ea-4a11-9b4c-2ba1b88cd859",fashion,Vertex Industrial Dress,Vertex,444,28,9,16,74.26,171.07
"06de5246-e6e7-49f9-ac9d-9e9e3c42d404",electronics,Vertex P207 Tablet,Vertex,2837,18,16,13,1226.91,1581.39
"4895ba67-5085-4061-a9d5-c71487bac057",home_goods,Pulse Bedding Set,Pulse,3853,26,25,7,53.84,122.43
"4dda4f03-0816-4d03-b056-e048410b0fc7",fashion,Nova Minimal Sneakers,Nova,744,49,21,18,27.2,82.56
b0f038a4-f447-4df5-8645-0de241bc9402,furniture,Nova Desk - Modern,Nova,28808,157,12,11,537.0,834.84
"7e35990e-0a3f-41dd-8d27-904f54932b85",auto,Crest Dash Cam X245,Crest,8932,13,6,28,130.41,156.01
"24c11c93-4126-4257-9d85-b6eb649e7de9",electronics,Orion P687 Bluetooth Speaker,Orion,3576,24,8,21,152.46,174.63
f6e3e0ff-dcce-4ff4-b8d2-c1fd65d7522a,fashion,Pulse Backpack (Green),Pulse,587,35,11,13,50.5,185.3
"619070a8-6b22-43c8-8343-2d6459f14801",furniture,Orion Fabric Bookshelf,Orion,41359,89,6,29,170.02,421.88
d5e2abcd-16a9-42a3-8abd-5f367504f1dc,fashion,Vertex Industrial Jacket,Vertex,422,36,19,26,61.06,223.28
e99a4fd8-9b09-45a1-856c-747a10503c95,home_goods,Zenith Lamp Set,Zenith,2195,10,12,16,20.92,40.73
e4af6187-39cf-4d2e-b0d9-465d45d16b75,auto,Orion Dash Cam M698,Orion,8097,13,10,20,90.78,109.76
d15c97af-62d1-4e40-bd91-b11f1c522f67,auto,Nova Tool Set X689,Nova,19489,72,14,15,185.39,267.78
"394c7e68-7d85-4ec6-b77c-67ca3c7046b6",furniture,Zenith Desk - Cozy,Zenith,13638,180,6,23,354.54,489.72
dde3d881-3248-43e0-9f8c-fa5b13eb625b,books,Drop result Mr: Side space memory,Apex,842,24,22,5,14.19,21.61
f77c338c-d838-49c8-b107-6a7a084ac31a,toys,Orion Puzzle (Black),Orion,647,14,22,11,20.28,42.08
e8e0d802-fa5e-4d7c-9d86-c18493e77295,fashion,Zenith Industrial Hoodie,Zenith,411,33,12,13,97.92,247.29
e4e9ed3c-c511-4795-a3f5-4827a7b09cb7,electronics,Pulse P993 Smartwatch,Pulse,2132,46,18,25,226.82,259.63
b564fed2-2ae7-4497-bcd4-5db9eb979be5,electronics,Apex M526 Camera,Apex,297,39,7,12,943.93,1196.01
b06fb14c-c5a9-494f-9a65-cb93b5c4f6f9,books,Window present: Window wall consider conference blue he,Pulse,319,18,28,18,21.1,31.88
c907fef9-0c9a-4785-b270-92fc764448a7,auto,Zenith Car Charger Kit (S661),Zenith,8002,85,6,15,222.73,314.67
cdd10d57-eaa2-45e6-bbe0-6e7cf6f221d4,books,Push yeah: Bit avoid pattern sort,Nimbus,276,17,11,28,21.05,33.37
c3f28e16-3cc9-44ee-b578-7a8dca73c68a,toys,Pulse Building Blocks (Black),Pulse,853,22,16,8,18.62,50.95
"40a1a269-157d-42d9-a526-4dea77bdb2c0",fashion,Nova Dress (Green),Nova,904,51,19,14,100.93,282.89
"49ea9564-f0a6-4426-904b-cb342e6751cc",furniture,Nimbus Oak Sofa,Nimbus,46433,62,16,16,505.0,851.02
bcef5d3f-4710-44aa-97ac-d75ddba4fa8c,toys,Vertex Doll Toy,Vertex,428,12,21,8,16.13,39.68
"25296d6f-461e-472d-b317-df90117534c7",furniture,Apex Coffee Table - Cozy,Apex,39432,198,22,8,341.71,429.23
a014bcd0-98ad-4c06-ac28-e605e0c0f08d,books,Size myself four,Apex,379,22,19,23,21.03,34.63
a1c4062d-6813-458c-a0c5-4a5eb13c8608,home_goods,Nimbus Knife Set - Cozy,Nimbus,2747,92,13,21,5.44,12.97
"3a205f2b-dd83-4bc5-b5a5-7aed20d915a8",home_goods,Vertex Bedding - Minimal,Vertex,1294,11,6,12,84.94,180.29
"8e7700cc-967c-4a4d-8e16-9184015076f3",books,Fine table attack: Road will know add grow good,Apex,448,11,20,25,25.25,42.75
f404ed29-c7f3-4f24-adef-b2d773208ddd,home_goods,Vertex Lamp Set,Vertex,1634,48,24,5,80.4,197.68
e2bbd7c2-f45c-4cb2-aa47-cd74a255d265,furniture,Vertex Leather Chair,Vertex,37581,140,24,18,525.16,865.71
"60078699-0b2c-4601-a619-2fd50f3a4719",electronics,Nova S175 Monitor,Nova,1194,13,27,19,942.55,1246.66
"635c5440-d449-4f7f-8299-32b4bb91158c",furniture,Pulse Walnut Bookshelf,Pulse,39312,168,8,27,477.81,799.54
ecedb188-0f38-4974-8ce7-d9635d821499,books,Leader rate outside government create: Program room easy,Orion,793,22,8,6,23.72,45.92
"734e239f-cd3b-4dce-b669-39eee969bccd",auto,Apex Dash Cam S889,Apex,19494,69,28,29,90.82,115.08
ebe76ff4-6a10-4c00-bbe3-3e241706ad66,toys,Vertex Doll Toy,Vertex,627,14,21,21,30.54,79.74
"87c3c91d-795e-46c9-babb-bc1f5a640501",auto,Pulse Tire Inflator Kit (M219),Pulse,12571,32,17,23,72.06,100.52
"29732df5-15fe-4df3-9731-5344f1343d29",electronics,Nova Monitor P814,Nova,1392,43,10,5,214.06,248.21
f5c8cf7e-4855-4140-b2e8-aba5b71d60db,books,Successful rock go use interview,Crest,737,24,12,25,9.32,14.9
f4ce8760-ce4d-4557-8e65-98a90cfd928d,furniture,Orion Steel Coffee Table,Orion,6668,118,15,6,440.83,933.41
b2f105cd-690d-4b6c-adb7-e0bb9f7d0776,fashion,Orion Sneakers (White),Orion,981,41,8,8,14.74,42.57
c693b82c-af0b-426a-add5-21190747a9ed,furniture,Nimbus Fabric Sofa,Nimbus,29652,143,27,20,460.99,688.79
"7087b05c-b336-4ed4-bf6e-e4c1f8ae4bfd",furniture,Vertex Walnut Sofa,Vertex,5813,186,25,12,327.79,722.35
ec683fb9-b9fd-4493-8b96-b5d05ecce138,toys,Nova RC Car (Green),Nova,298,29,21,9,12.18,27.91
"532b17af-6999-4654-a09a-18c927ae1fc0",books,Speak specific section any: Scientist name star sort general,Zenith,432,21,20,8,19.64,38.86
"56a04c92-aa6e-4ebc-8d21-a1911a3b1e9f",auto,Pulse Car Charger A684,Pulse,6158,53,11,17,110.2,148.72
addf6910-5d3b-4b43-bd3f-689c1618faa8,home_goods,Apex Bedding Set,Apex,1977,64,6,7,78.19,194.59
"7f0ec0cb-2611-4057-9569-7f5003a1b390",books,Strong player after,Apex,348,19,29,18,24.93,36.08
d491aa32-4d0a-47fe-b803-883727d2c299,fashion,Crest Minimal Jacket,Crest,327,27,22,29,43.09,110.16
d0bb4134-2e02-45a3-b370-0bb638121501,home_goods,Zenith Knife Set Set,Zenith,787,33,20,5,100.11,175.74
"7295eeeb-aec5-40a4-b394-4d5935381524",electronics,Nimbus M777 Tablet,Nimbus,582,49,21,22,701.57,829.72
"3337227d-2e1d-4c0d-befd-f114b917e7aa",books,Year do policy,Nova,850,11,21,19,24.63,39.82
"0b71ea13-1a87-48ec-95a1-0f6a9efdd989",toys,Orion Building Blocks (White),Orion,854,9,20,9,10.84,28.06
b39554f9-483f-4695-83ae-48dfce29e07a,furniture,Nimbus Bookshelf - Industrial,Nimbus,26032,162,17,18,598.05,901.46
e7c34772-98ff-473a-9551-f99c8bace68c,home_goods,Vertex Knife Set Set,Vertex,3940,46,20,16,26.81,56.69
"73db275f-0eb8-4c3b-a84a-893b3f5dc636",fashion,Crest Jacket (Black),Crest,959,25,18,15,87.9,218.62
"0d483176-e0bb-4beb-8cc8-d81887eebdf8",fashion,Nimbus Dress (Red),Nimbus,268,41,22,16,12.4,31.04
ec88eb14-14c2-47b7-a050-9c80c6902442,books,Have little Mrs lawyer Mrs: Great whole feeling,Nova,434,18,8,8,22.96,40.4
a9a91d23-cbec-43cc-922f-dd7b027fee39,fashion,Crest Sneakers (Blue),Crest,916,23,8,9,82.53,293.76
"7c5d3286-6948-45c1-bd99-b6fa327d77ca",electronics,Nimbus S259 Smartwatch,Nimbus,1757,14,8,17,805.61,1004.67
d59e9293-0872-430f-b20d-6110fe2a73d7,books,Everybody traditional,Nimbus,628,15,8,21,8.26,13.17
afc19dd8-729a-4066-bbb8-16410e0ebb6d,fashion,Crest Cozy Sneakers,Crest,488,58,23,8,98.15,239.36
"108fc432-ae70-4c82-8e3c-92256c4cd684",home_goods,Pulse Knife Set - Industrial,Pulse,1806,69,13,22,95.87,177.06
"473a99b7-c2f9-4eff-98fa-1c9e6229fc59",home_goods,Nimbus Bedding Set,Nimbus,1784,97,23,18,13.71,25.83
"66c025d4-6d98-4d6a-895f-9aac1d810c8f",furniture,Nimbus Leather Bookshelf,Nimbus,32475,121,23,25,304.64,470.96
f5a63bbc-8236-4712-909f-e468f894b7ce,books,Fear difference,Vertex,294,13,8,13,12.34,19.81
"113457bf-0017-45f9-8e36-59c6163a2b3a",auto,Apex Car Charger Kit (A480),Apex,7120,39,5,5,334.87,467.69
fbda9428-6710-458a-83c9-ce904189187f,electronics,Pulse Monitor P655,Pulse,1992,36,7,11,821.39,1007.55
"0ec5de50-e50c-4cf2-b572-55b5dfef86c1",electronics,Zenith M578 Tablet,Zenith,454,15,10,12,1659.62,1870.15
"4d735b6b-6514-4660-854c-d824e5d65dc6",books,Very nation century rich: Speak claim short store show family,Pulse,814,11,24,13,14.2,26.16
b19d2bb6-43a7-4ef8-9273-855ef5acf0dc,electronics,Nimbus A208 Camera,Nimbus,1098,39,22,5,1669.54,1892.67
c8ab4a64-6c66-4464-8c96-97c30964f216,home_goods,Zenith Knife Set Set,Zenith,4487,93,7,5,18.94,34.27
"4366f568-dbf2-4aea-a426-d0f19d4c0d94",electronics,Vertex Bluetooth Speaker A302,Vertex,1641,18,6,17,787.92,889.81
e7fbc23d-039d-41ef-9312-03cd46caf568,electronics,Vertex A533 Smartwatch,Vertex,4904,20,24,23,1663.53,1942.88
c7c4591d-67ac-4bd7-9c5d-2c5f6f5bf2e6,auto,Nova Car Charger Kit (X534),Nova,10593,19,23,18,219.87,269.58
"61266717-d630-49fc-90c7-43389c032fe3",home_goods,Nimbus Lamp - Cozy,Nimbus,1142,65,8,29,83.77,176.59
"7a38e49e-461f-4e4e-a02e-867a6a1aef93",fashion,Apex Modern Backpack,Apex,326,52,13,11,25.1,87.23
ee0362a0-cf0f-4764-a9a1-3e636a52a2d1,home_goods,Apex Vacuum - Industrial,Apex,2430,32,24,27,88.03,188.41
"7b7377ad-41db-4801-8eae-067f5a392765",home_goods,Orion Vacuum - Modern,Orion,1789,60,8,7,84.41,161.88
"846cda0e-2676-42d7-a3f5-d6adf865ccd2",electronics,Apex Tablet M136,Apex,930,46,9,26,273.09,330.95
"60793a49-3cee-41f6-8bc1-b5a4ec7def50",auto,Nova Car Charger Kit (M766),Nova,15586,97,19,15,99.8,128.41
"97c44367-1499-4035-9d1e-fa441501bfd2",toys,Orion RC Car (Beige),Orion,859,24,7,26,5.01,13.17
cd8b8610-820c-4ac1-b61d-cdfde0f18d1d,home_goods,Vertex Bedding - Cozy,Vertex,4567,22,29,17,80.08,137.04
afc6bc83-f8b6-4e3f-abec-eb9f9536066a,books,Represent attention: Woman beyond such,Zenith,592,16,17,21,20.07,36.79
ceb7127e-1576-4573-99e7-6a5044c52aea,auto,Pulse Tire Inflator Kit (X704),Pulse,16811,14,16,16,312.0,375.37
fb6a9cd8-7b75-403b-8de9-3452a7c33e1d,auto,Orion Dash Cam Kit (X114),Orion,6952,18,22,18,123.64,177.93
f28250dc-0ce4-4501-a4f2-a20e93c16339,auto,Pulse Car Charger Kit (S222),Pulse,17151,48,10,13,122.17,161.81
a865d982-9ab3-4ce8-8706-bfd9b28edc55,fashion,Vertex Sneakers (Beige),Vertex,495,46,24,9,89.16,257.54
"04122c0d-ea18-4a3c-b2d1-c2544d5e90b7",books,Often number without manager,Pulse,678,23,13,17,7.65,15.26
d30f9e02-a11d-475d-97cf-48f7ddbf0d38,fashion,Nimbus Minimal Dress,Nimbus,175,24,8,13,63.68,197.71
df95f565-26f5-406b-9668-06229f445dd5,fashion,Zenith Dress (Green),Zenith,160,27,25,9,50.2,121.69
e09ccc3f-2f4f-4287-aba8-8f39e7da47f5,books,Outside hair girl personal,Zenith,910,11,29,7,9.79,14.69
"1e83f8ab-61a6-4a08-9e8f-12dc51465495",home_goods,Crest Bedding Set,Crest,2556,24,25,13,41.13,102.47
"1e436269-0735-4f68-a6f3-eaae7960db7a",books,My determine try sea: And science cultural investment term rule,Vertex,513,16,28,28,24.52,44.95
d9d922bf-ce4a-4b80-aeae-99ccc19109d2,electronics,Vertex P940 Monitor,Vertex,1185,26,24,25,1275.42,1690.66
bdb188f1-6825-4a09-9ab1-c421a64065b2,furniture,Zenith Walnut Coffee Table,Zenith,36169,75,11,23,281.6,657.9
"61be3d42-c704-48ca-b556-77557b9cf3ca",furniture,Vertex Fabric Chair,Vertex,43041,151,10,15,200.87,378.04
d80c376c-c5c8-427f-9b8c-182f5f44c275,electronics,Zenith Camera P128,Zenith,3883,30,15,17,1083.09,1418.03
a7da3634-7a53-4cd8-a979-619e781d5dcb,electronics,Zenith Camera M934,Zenith,1408,38,16,13,376.72,476.33
f40efe3c-b8cd-4e3e-b43f-55789acb5d6e,furniture,Zenith Sofa - Classic,Zenith,7885,63,7,10,353.2,444.82
becc73bf-76ee-4039-b3b3-ccc703ed5479,fashion,Orion Hoodie (White),Orion,866,28,12,10,60.27,150.46
"218dba12-d533-4f3e-8efe-ec369ae586e5",furniture,Nimbus Sofa - Minimal,Nimbus,44888,71,11,16,585.56,736.05
"10306321-9e74-41f5-93bc-7baf60be3db8",home_goods,Pulse Bedding Set,Pulse,2479,56,15,9,90.36,158.0
"3d887ab0-5b0f-4c62-ab09-6350b942279a",books,Goal skill,Pulse,850,14,26,10,22.8,45.08
"6b5ed6be-9232-4228-9fd6-62bf9636b5fb",books,Everything clear,Zenith,913,15,18,23,6.98,13.36
"22aaa98f-85cf-4f53-833f-f850d2948d78",auto,Pulse Car Charger Kit (M755),Pulse,6959,13,6,26,189.79,246.65
"5c421273-491a-4703-b09f-c33c3f0cb803",books,Prevent sometimes arrive watch ahead,Vertex,933,19,10,25,8.97,14.59
d9222437-5416-4cd1-9167-9da9629610fd,auto,Nova Car Charger S556,Nova,9151,30,26,9,62.29,78.1
"2b9217bf-1c45-490a-a3ed-4b1f26fd6770",electronics,Nimbus Headphones X141,Nimbus,1685,39,15,14,957.79,1074.78
"456e7147-9cc8-4816-b77a-32f5c09cd14b",fashion,Nova Industrial Backpack,Nova,693,57,6,26,45.39,153.74
f18e6310-0e75-4b7f-bc20-90ac1e7bd466,fashion,Crest Minimal Dress,Crest,697,55,7,7,9.68,37.04
f3d451fb-c013-4eb6-ba8d-4d3c7f90d729,auto,Zenith Seat Cover Kit (X218),Zenith,2201,35,14,6,296.35,444.71
"20631329-f37b-4cde-812b-5857265dd998",toys,Nimbus Building Blocks (Green),Nimbus,209,22,16,13,13.45,24.75
f02121d0-0770-4447-bad6-48b542dd64b1,electronics,Crest A556 Smartwatch,Crest,2005,15,21,27,313.12,402.26
b70bbbd6-e46c-4ad5-84ac-9f032251a4dd,furniture,Zenith Leather Chair,Zenith,18664,181,19,16,359.26,534.02
"291d7353-95bc-4af7-b187-2fd1a3d1c72a",books,Should size take standard,Apex,566,16,14,29,14.32,24.36
"3a6594f9-8c1d-425c-b7b8-a50e6b24b0f2",auto,Pulse Dash Cam Kit (A909),Pulse,10288,35,19,29,193.78,293.41
da782538-0d46-4479-86b5-d7be70b3b214,toys,Nova Board Game Toy,Nova,716,23,8,17,8.49,19.69
"0673cd50-7fb8-4e80-9b37-b32f0c4ae19b",books,Could sure along,Apex,200,10,13,17,9.2,16.15
"285d7c98-e3d9-455c-810a-d3ead020687e",home_goods,Apex Air Purifier Set,Apex,3490,20,23,20,98.83,186.29
ea7de52d-0851-4c2d-8434-66fc644caa6f,home_goods,Crest Air Purifier Set,Crest,2960,41,14,17,19.24,34.85
"52f05d34-3c49-4842-bace-1e013e213da7",furniture,Pulse Walnut Chair,Pulse,23443,121,5,14,566.82,728.41
"16616c83-caf8-4c30-8a82-76ecf79a6add",furniture,Zenith Chair - Industrial,Zenith,39075,86,5,5,445.89,733.08
f130ae8f-e404-4a94-aa43-d60f10fb4824,fashion,Zenith Backpack (Blue),Zenith,785,32,8,29,11.46,45.71
a1ae1391-7102-4718-b8c6-924dd1a2e5e6,home_goods,Nova Air Purifier - Modern,Nova,1880,53,26,26,29.43,51.33
"5b6b7723-6447-4ef8-a19e-507df19195fb",books,Land movie get do: Party boy him,Vertex,601,23,11,9,13.94,23.69
"2025ffcb-a884-4ac4-b01c-6bbac2c29de0",home_goods,Nova Lamp Set,Nova,3363,15,20,14,18.7,43.5
dde4e629-7199-429d-9bd7-57ea1dc2ec90,home_goods,Orion Vacuum - Cozy,Orion,3629,33,21,13,10.17,24.46
"1f49ac6a-fe6d-4de7-8e0e-d2dc724b736b",home_goods,Orion Knife Set Set,Orion,3448,94,7,25,82.9,146.94
"2a8f8060-8d6c-4e27-9555-bb2a6e0f0f7b",auto,Pulse Seat Cover Kit (A400),Pulse,18295,56,5,27,145.83,179.84
"1e86d2d0-efbb-4788-8f73-2d6b8e179de3",home_goods,Vertex Bedding Set,Vertex,695,43,27,21,99.86,183.19
"0348ba4d-80c0-472f-b878-234f005dfcb3",toys,Crest RC Car Toy,Crest,133,5,14,13,8.28,17.3
"3b562e56-08dd-46ed-a06c-7a7ccd0bdf61",electronics,Nimbus Camera A786,Nimbus,812,40,6,26,287.66,366.67
"866406fa-673c-43cb-9e11-e6b9a49a5f08",auto,Zenith Car Charger X899,Zenith,17415,34,12,23,124.2,148.33
"47cb1406-ba82-48b2-9c74-243f488b4055",books,Attorney maintain stay take drive,Nova,857,12,25,28,21.35,36.93
f015bbfa-0b02-443e-885f-7861f9d838db,home_goods,Vertex Bedding - Modern,Vertex,3353,47,5,25,31.62,60.02
"73afd491-60a1-4ed9-8e1b-413cebc00622",home_goods,Nova Lamp - Industrial,Nova,565,28,26,5,6.2,12.66
a424fdc7-1fdf-4693-8751-404ee2dcf4b8,fashion,Zenith Jacket (White),Zenith,360,55,28,8,82.67,265.91
"9672ae76-ecd1-4ac4-b721-752f0a7d57c7",home_goods,Vertex Vacuum Set,Vertex,705,83,14,12,22.62,38.83
b0bc8041-a7d4-4abb-b2d0-b95c18537348,furniture,Crest Oak Bookshelf,Crest,27618,69,28,29,256.46,501.35
"4acd8835-3f15-4986-b9bc-3630907c01d3",furniture,Apex Sofa - Modern,Apex,40052,134,11,9,152.97,306.62
"77d525a6-a2e0-4e4b-9a37-94c4bcd085fb",furniture,Nova Desk - Classic,Nova,15564,172,21,18,545.84,791.14
"78ab92ce-77c0-4a6c-b6e9-7cfb1125ea1a",home_goods,Orion Knife Set - Cozy,Orion,1791,47,21,6,90.73,192.97
"92a6adee-5145-459e-b998-b2c1f65c4c44",home_goods,Crest Vacuum - Modern,Crest,2181,37,9,10,86.82,191.95
"6cbf7927-052d-459b-b37b-0e870bc97cf5",furniture,Apex Bookshelf - Classic,Apex,31034,126,13,11,165.01,241.57
a4364300-b4e7-4b11-8cbe-3ff23bc9e1e1,home_goods,Crest Bedding - Classic,Crest,2777,33,27,11,25.23,45.08
f133f21d-a4d9-4fda-a00d-6e499ace422e,fashion,Crest Hoodie (Green),Crest,115,57,15,9,11.47,42.04
fe64ba28-e900-4a13-958a-80d7db4b60fd,fashion,Apex Modern Backpack,Apex,474,38,13,12,57.87,151.09
"09ddf1e9-60f5-48a6-a4ed-52b15df8bf7c",fashion,Crest Industrial Dress,Crest,534,41,20,26,47.82,187.74
"2a39068e-5cd2-4e10-b495-5ad0cb2a9dc7",auto,Zenith Tool Set Kit (P190),Zenith,4092,53,21,17,312.11,473.05
"54e5eab2-0fa6-4ceb-ba59-86c9b8657bad",books,There statement dog by,Nova,794,20,18,29,25.15,40.24
"33183509-3484-4df3-8a97-7d30aa48d9ce",furniture,Apex Steel Coffee Table,Apex,5498,143,11,9,412.85,755.31
ed4c9ec2-3b01-4121-b1eb-75dc9182f2f9,fashion,Nimbus Minimal Backpack,Nimbus,418,41,9,18,22.62,77.46
df292f49-9d54-4a09-a291-40d57574817b,toys,Nova Doll (White),Nova,920,5,28,26,32.42,86.74
d0d6ea2f-915e-4c9c-bc35-019c9ec78cea,fashion,Pulse Classic Jacket,Pulse,949,53,24,21,44.81,177.8
"98b333ae-2370-4d3b-aa66-4adf671826c8",furniture,Crest Chair - Minimal,Crest,20011,169,17,29,505.01,937.88
"7943b8ca-e76d-41b5-a01d-69e33614b774",electronics,Orion P631 Tablet,Orion,2045,36,24,14,1505.68,1982.81
f50aca8a-dfbe-4bcd-920a-8923dafe14bb,furniture,Nimbus Fabric Desk,Nimbus,28687,133,5,23,300.92,581.95
"14657266-47a0-4f72-a1f1-e07e653a64d8",electronics,Vertex P714 Headphones,Vertex,1561,27,29,26,424.99,549.51
e2c50947-d772-4568-94f8-c37bd564c752,electronics,Nova Camera X439,Nova,4346,18,12,27,880.05,1015.95
"830dfdfe-2ed4-40db-9d2f-2e83040842fc",furniture,Nimbus Fabric Desk,Nimbus,6856,187,26,29,367.55,876.72
d8c2f05c-19a7-469e-a889-766398bb4737,electronics,Nova Camera X322,Nova,1235,17,6,24,269.12,356.13
e2aa3e0a-bc40-43f2-b05e-f45ed576f7e9,home_goods,Pulse Lamp Set,Pulse,3739,55,6,15,86.56,146.39
"66bf6958-ce90-41bd-93eb-226c0e503c07",books,Thousand house dinner money: Now success certainly capital per,Orion,520,11,5,8,8.86,12.73
"97aed3a3-df35-4567-a0fc-04188e27d930",fashion,Pulse Minimal Backpack,Pulse,567,39,21,29,97.85,244.82
"804c6216-2cc9-4c23-9b4f-d2e02fbffa87",furniture,Zenith Bookshelf - Classic,Zenith,38512,133,8,5,421.95,891.12
"9086b2b2-6100-410b-9b9c-4db4109afcfa",electronics,Apex P960 Smartwatch,Apex,1288,18,25,10,1480.7,1937.05
cdb8133a-6ea9-46e0-a34c-67dee7ae12bd,home_goods,Nimbus Vacuum - Cozy,Nimbus,3377,82,27,24,11.85,20.68
"766dc67a-ed57-4a43-9424-054e917b5834",home_goods,Vertex Lamp - Classic,Vertex,1237,54,25,27,70.86,131.6
e2abe3eb-9a0f-451b-86b1-3fd3197d8e0f,furniture,Crest Walnut Bookshelf,Crest,49295,194,20,17,564.34,944.78
a584ae10-4668-47d7-ba55-6045b1864301,auto,Orion Tool Set Kit (P715),Orion,19816,68,17,20,111.68,140.84
"51023a44-703c-40b5-b68b-e450270d6824",fashion,Nimbus Industrial Sneakers,Nimbus,987,45,14,13,13.15,44.2
e79f97f1-b81f-4125-88a5-593851d20ee0,auto,Vertex Tool Set Kit (M693),Vertex,18635,20,20,11,350.68,463.25
cefb2053-4340-4fbc-95ad-b2566fac1ff2,books,Side scene mission: Attack outside last huge,Orion,922,24,16,7,8.86,15.79
bfe1c0d2-febe-44db-bbf5-7b128fae22dc,fashion,Crest Sneakers (Green),Crest,475,49,20,11,55.0,184.83
"9c3638b6-f5f0-4265-918d-703e616772f0",home_goods,Nova Vacuum Set,Nova,1716,85,10,6,20.94,35.12
"50c85dcf-fe88-46d2-a496-e9a99bff0e71",books,Shake candidate since,Apex,441,12,12,21,23.98,46.99
"240ed6f0-0fdd-444c-803d-bc3563fa90fd",auto,Orion Car Charger Kit (X250),Orion,9577,59,23,23,414.45,496.88
"2b805596-12de-40ee-aa42-9795ad4ce605",furniture,Vertex Chair - Minimal,Vertex,11766,153,24,14,61.02,116.62
"2c939b82-3c8d-447c-ade0-2951fefbe76f",books,Continue high: Arm operation imagine two arrive region,Orion,726,13,13,5,9.97,17.56
"721beda1-cb94-4c4c-a2d6-abf34c01bc3f",auto,Orion Tire Inflator Kit (M492),Orion,13393,13,26,9,158.16,225.12
"03cd8214-e4f4-4b78-bb4a-25632089b7b0",home_goods,Zenith Knife Set Set,Zenith,907,12,8,6,89.22,150.32
"3ea5b708-fec8-4b72-940a-462b49ba479f",books,Leader buy college save: General church strong let military TV,Apex,998,22,23,18,21.13,34.96
"06eaa437-f7f1-4bd5-8398-6d7f05acd257",furniture,Nimbus Fabric Sofa,Nimbus,13843,60,19,10,457.62,670.53
c866045a-da27-4b75-af6b-a494fdfaaeac,toys,Nova Doll Toy,Nova,573,23,10,21,26.22,62.87
"73ea3c4b-7d8e-4923-953a-64839cba2436",home_goods,Nimbus Lamp Set,Nimbus,740,69,7,16,67.74,114.52
"8994de55-6401-4f21-a5c2-c1f4cefa058b",toys,Vertex Doll Toy,Vertex,868,26,17,23,11.34,26.31
"56b2d3f8-a6be-4523-b51c-6cf9e4ddab06",toys,Zenith Building Blocks Toy,Zenith,997,18,10,27,7.59,18.5
"8bef77b9-d6bf-4a62-9f42-5f4e17622fad",auto,Pulse Car Charger Kit (X465),Pulse,1008,39,16,23,181.16,217.2
"5f8e0a68-9d26-4db1-a9d5-d0dad7151e5a",home_goods,Zenith Lamp - Modern,Zenith,1189,12,29,11,44.8,98.29
c3be1fb5-ba8d-48da-a07b-388099c2ffa8,fashion,Pulse Cozy Hoodie,Pulse,109,36,7,20,41.97,158.13
ac1ddf5a-e02d-4851-ba6b-2c7853886e28,toys,Pulse Board Game Toy,Pulse,764,11,9,25,22.89,43.19
"81b8c28c-3c3e-402e-bdc0-3e04ac9dbb28",furniture,Apex Walnut Coffee Table,Apex,9674,95,5,29,221.17,423.31
"6d7e8b05-fe61-4f4f-89dc-3318a3d0933e",electronics,Orion Headphones M607,Orion,953,15,28,20,123.27,161.6
"44525ecf-d05b-4c0e-8d25-45114a0114df",toys,Nova Puzzle Toy,Nova,111,25,18,19,40.37,81.15
d62cf54d-b959-4845-a260-85a8d560d107,fashion,Vertex Classic Sneakers,Vertex,767,53,29,27,19.37,50.72
"18c9b721-162a-4643-bab8-ba589d96a87c",books,Various gas difference fact: Less production community talk,Apex,333,13,24,15,22.29,42.05
f6a13e1b-dcd9-4115-855c-97e3173bdc47,home_goods,Nova Air Purifier Set,Nova,2191,10,7,29,42.36,98.64
"023ee7cd-c7df-4993-8958-29e9e7fed453",furniture,Zenith Chair - Industrial,Zenith,18051,97,12,18,217.81,430.69
"41d0c61f-e8da-465e-8e69-fa2975955f7c",toys,Apex Puzzle (Red),Apex,679,6,18,19,26.15,64.32
"957aea1d-862e-41f8-9432-01d2a9581bef",furniture,Apex Oak Bookshelf,Apex,34861,68,6,5,410.39,721.06
"3fcfd77b-3f99-479d-85ab-c2521ed858e7",toys,Orion Building Blocks Toy,Orion,117,12,27,15,9.27,22.19
"7c718ea5-c64d-461f-8f38-731e4345d39f",home_goods,Nova Bedding Set,Nova,1138,11,7,5,94.97,192.61
"275a5f71-cb26-4fab-9710-873aff921b34",auto,Zenith Dash Cam P346,Zenith,2730,39,10,23,239.76,311.74
"57bb6886-4a54-4175-9588-c9a2c0c401a4",electronics,Vertex Headphones M134,Vertex,1214,15,22,17,869.88,1078.14
"9f80b2da-64a9-4c51-beb7-1cffbcbe2271",fashion,Apex Hoodie (Blue),Apex,779,27,15,27,38.95,114.12
"9a0fcf8b-2c6f-484c-8d05-ee4e49b1b628",furniture,Apex Steel Chair,Apex,22928,173,9,5,126.51,282.8
d4f418ae-45de-4ff7-a5fc-3e07755fd702,fashion,Vertex Sneakers (Blue),Vertex,925,37,17,6,79.01,185.43
"5ed13553-f6ca-4362-b883-7b8d5612273b",toys,Nimbus Puzzle Toy,Nimbus,967,5,25,10,31.89,82.16
"1389ef62-24e3-45b7-999f-5fe8f59e54cf",furniture,Nova Bookshelf - Cozy,Nova,33256,64,5,26,55.77,129.96
"41d63509-cbea-41de-a3b1-edb79ac4ff7f",toys,Crest RC Car (White),Crest,565,23,27,24,5.21,13.57
"3e2698ad-ddc9-4180-bc5f-2bb595391701",electronics,Apex A776 Tablet,Apex,4589,24,27,17,970.9,1117.88
fba04edb-bf0c-44e9-9d6a-7ea92c83ad72,electronics,Nimbus S835 Camera,Nimbus,2643,17,5,27,962.0,1201.13
cc0220ad-daf5-4211-8f55-0fdd7db954ff,electronics,Zenith Smartwatch S131,Zenith,3666,33,29,22,132.51,148.98
"4444ac68-e84c-4c4d-ac78-b73f539324ee",toys,Apex Building Blocks Toy,Apex,282,22,5,24,20.27,47.92
"7a4d4387-3018-4782-963e-d2a7fe9b0edc",electronics,Vertex Tablet M147,Vertex,3322,36,13,7,1064.66,1355.21
"895cc888-5b0b-4180-9910-4a9ea44afcf6",books,Walk at vote science: Plan treat act cultural,Orion,230,19,16,22,10.95,15.71
dd6a65c7-0783-400d-aaf4-615de7917a85,books,Authority thing white,Apex,578,15,13,11,14.17,25.2
fca77a7d-49cc-4c28-814f-ad0f41b9632b,auto,Crest Car Charger Kit (S709),Crest,2226,40,14,5,173.08,245.72
f6d0e185-29b9-4a3a-972d-f8ee7a71edf0,furniture,Crest Oak Bookshelf,Crest,39602,101,9,17,134.02,264.8
afb88765-9844-4430-8412-5b7b3ebab436,furniture,Nova Chair - Classic,Nova,31985,110,26,16,365.36,685.01
"144623cb-4e03-4c7f-82a3-ccd3042700c0",auto,Vertex Tool Set Kit (P195),Vertex,1193,77,12,8,242.26,358.0
cd3b19b1-f686-4e6b-9efd-8cd07d493c30,furniture,Nimbus Leather Coffee Table,Nimbus,49668,79,23,21,392.86,917.79
b794218b-5baf-4fed-a375-c5003d8d8599,furniture,Pulse Sofa - Classic,Pulse,43660,154,18,15,212.58,298.69
f65e6245-d524-4879-b9bd-23ab3d9ce6f6,auto,Nova Tire Inflator Kit (S102),Nova,15399,75,23,7,157.94,214.54
ee930d32-e0ba-4214-85a4-d0413e6c4ede,home_goods,Crest Lamp - Industrial,Crest,4018,23,8,10,48.0,98.05
d191c3a8-ea9c-4994-8b70-71d4d5ab6231,books,Would song sense,Apex,992,10,6,22,25.9,38.59
b31de8cd-c358-4f04-8617-44bba950b9a1,toys,Nimbus Building Blocks (Beige),Nimbus,820,24,19,7,28.03,74.18
"4cdd1503-e356-46e1-bab1-c31fa25eb4ab",furniture,Vertex Fabric Chair,Vertex,27829,188,13,8,268.73,439.01
"1d26e586-8171-4538-b63e-c4296db3ba68",furniture,Apex Desk - Cozy,Apex,37854,70,8,25,104.95,223.38
facea1c5-d718-4b39-aa37-3ae29cbca335,auto,Nimbus Tire Inflator Kit (A784),Nimbus,7044,98,27,7,240.29,353.57
"62e9b86c-e7bb-43b4-88c0-e6d96cd5f1df",home_goods,Crest Lamp Set,Crest,4781,97,20,19,84.16,153.78
"91cf7fdb-203d-43a4-9bb7-4ae6a058bcec",fashion,Pulse Jacket (Green),Pulse,819,34,24,9,20.47,67.82
b696f990-f5dd-49b4-ba03-1ac8284d085a,furniture,Nova Sofa - Cozy,Nova,49631,69,16,25,413.27,559.41
e9bb075a-d783-4730-8075-1f2e5c8aa9ac,auto,Pulse Seat Cover Kit (M913),Pulse,8122,15,29,11,48.47,68.31
c8ca4d4e-8566-4f0a-9dcf-a294dc9e4134,fashion,Zenith Modern Sneakers,Zenith,527,37,7,9,35.61,113.64
"3f2eea23-b1f8-42e2-b783-78f615b39849",books,Magazine note adult concern maybe,Apex,597,14,6,5,16.9,27.36
"97e38565-2287-4f10-8546-4895282a1537",home_goods,Orion Air Purifier - Minimal,Orion,2755,49,5,15,42.31,74.26
"48c2cc0d-dae1-4b08-b052-d8564068f75e",fashion,Zenith Modern Dress,Zenith,924,41,22,18,5.71,20.12
"21d26896-4d6a-41ab-9731-e3db1f52c6aa",home_goods,Nova Knife Set Set,Nova,506,26,10,5,91.1,181.26
b03517ca-1e05-46e3-b6af-159e5fd7ea18,auto,Nova Dash Cam Kit (S820),Nova,2585,60,6,29,311.64,377.47
aa206696-2ba6-4a54-a821-af511ab4f47d,furniture,Zenith Walnut Bookshelf,Zenith,15050,98,28,7,189.35,389.39
"9595ae0c-c0ce-4ccd-a4f8-d33a4f8733a2",auto,Pulse Dash Cam Kit (M774),Pulse,16025,66,19,25,68.87,84.77
"1efef56c-fada-45e6-bd01-e7d8dfbd82b1",fashion,Orion Modern Sneakers,Orion,840,36,28,13,40.39,116.59
"62e41895-69a0-49e6-8a10-9e3877294b3d",fashion,Nova Classic Hoodie,Nova,178,34,16,15,22.84,54.45
"11c663a3-145a-4ba9-826a-5adfad694824",books,Too about attorney start argue,Crest,728,17,16,14,22.19,44.02
d5cd9409-02cb-41fa-a691-5cc23756c676,auto,Crest Seat Cover Kit (P941),Crest,7590,63,21,14,47.35,61.77
"7f57cab2-c893-47b4-986f-a7a0c4d14aaa",electronics,Vertex Bluetooth Speaker P655,Vertex,1943,35,27,13,1299.1,1580.34
c109dd0e-35c8-4bed-b6c4-0f2ca43f3b2f,furniture,Zenith Oak Bookshelf,Zenith,42367,169,8,20,607.85,809.45
"653e803c-108d-49f0-b7cc-dda4b0bcf1b7",home_goods,Vertex Lamp Set,Vertex,4401,60,8,20,83.32,154.23
"34592e31-b3e9-45f9-b368-4082db8b4926",fashion,Apex Sneakers (Black),Apex,439,49,7,8,88.98,231.7
"48fdf5a2-79f1-4f6a-ba97-b4c7ea350975",home_goods,Pulse Air Purifier Set,Pulse,3654,78,12,6,38.28,69.29
ffc18ace-4902-4cd4-855b-e805b5f1fa14,auto,Apex Car Charger S460,Apex,3638,96,29,15,371.01,493.46
"236a9514-2ee7-4565-9a5c-265ba1322ea6",electronics,Apex Headphones P926,Apex,340,15,22,22,995.52,1283.16
"218df162-6ab5-42eb-a20d-067dd61fe3cd",furniture,Crest Sofa - Classic,Crest,42466,122,17,25,70.67,153.78
da61b175-df76-47bf-be0e-08d1e43aee1b,furniture,Zenith Oak Desk,Zenith,11457,140,21,24,216.49,376.8
b173a1d7-547b-423b-954b-df834ffff60d,home_goods,Vertex Air Purifier - Classic,Vertex,1055,65,23,21,96.52,189.18
"19627b7a-e231-4623-898e-1e4a94eb96b3",fashion,Vertex Jacket (White),Vertex,575,53,16,8,50.05,125.57
cfc22f32-0727-41bb-b91f-30e38f8c23db,furniture,Orion Sofa - Classic,Orion,29011,67,13,9,197.24,433.03
"6f918c9c-d99b-4ba5-8965-7304d6ff136e",books,Attention security executive: Citizen member eat authority,Nimbus,976,21,13,17,7.78,12.48
be350cbd-2faf-41bf-9dd3-eda3ee4d7590,fashion,Nova Dress (Green),Nova,284,33,24,25,8.38,29.28
"1a36371a-99f7-4d84-b3da-d115d710a1e8",furniture,Crest Fabric Coffee Table,Crest,39325,189,26,5,179.79,307.75
"9bc2ec96-59e9-425d-b441-952ad411be06",furniture,Crest Bookshelf - Modern,Crest,34521,111,8,18,88.25,123.4
"82120d3c-5dba-4bdb-aa0c-f9584ce874f0",auto,Apex Dash Cam M464,Apex,18456,73,25,26,249.77,345.59
"3443709a-63e7-4c2b-aaf8-c02ee01ef030",fashion,Pulse Classic Sneakers,Pulse,585,24,20,20,67.56,231.61
b3778383-d108-4d14-ad1c-c0472804936b,furniture,Zenith Sofa - Cozy,Zenith,24056,96,10,29,151.5,219.87
"9b16356d-f037-40fd-b9ee-74d25488f020",home_goods,Zenith Bedding Set,Zenith,2129,47,6,20,63.58,108.58
"41236f49-3665-4f4c-8d0b-629249413645",fashion,Zenith Hoodie (Red),Zenith,610,24,25,6,51.43,138.12
eeac5188-351a-436d-b37d-701ca98cc6ea,fashion,Orion Modern Sneakers,Orion,628,33,15,26,25.14,79.17
b9f86d3d-7c53-41f0-8f57-7a9aa0239986,fashion,Vertex Dress (Red),Vertex,355,27,27,5,20.87,52.58
d4ebf0e4-f746-4905-ba34-7b6fba0612dd,home_goods,Crest Bedding Set,Crest,4837,46,13,7,49.59,112.12
"5c050cac-f30b-46db-85c7-abaf417bbfff",toys,Apex Puzzle (Red),Apex,756,24,23,22,25.94,54.08
f1c8f354-029f-484e-8e6e-22691c311330,auto,Zenith Dash Cam M867,Zenith,15441,59,24,5,340.17,443.55
cbceed2a-2fef-4be6-9b8b-e6e3b03a6863,electronics,Nova M311 Tablet,Nova,2136,35,10,21,1608.89,1965.71
"8a1b95bf-694e-44af-9ae4-af574fdcf0eb",electronics,Nova P896 Camera,Nova,373,39,10,26,1525.99,1937.38
"3be10948-83db-4e51-8396-deb4e183214c",electronics,Crest Tablet P104,Crest,4202,28,13,22,482.84,565.64
fece8bd1-23c7-4ee9-ac5a-cbe8c94826a0,toys,Nova Building Blocks (Beige),Nova,161,27,29,7,7.65,18.17
"80ea6cc0-22f3-455c-9e71-0af0fde51810",books,Focus director involve,Vertex,865,12,23,8,23.21,42.62
"5445b512-ff94-496a-aea5-3e4f736db777",toys,Vertex Board Game (Green),Vertex,415,10,7,25,8.28,15.57
"25a392c9-3f2b-4764-8dbd-9f5a3a5ef5ec",toys,Nova RC Car Toy,Nova,359,5,28,8,6.5,14.46
"16ee6f17-88b6-4c19-bc29-edba4dc497f2",furniture,Zenith Fabric Coffee Table,Zenith,5952,130,15,12,367.2,509.5
"2685a2fa-5c61-4bc0-8884-d9864fbac63f",electronics,Nimbus S508 Bluetooth Speaker,Nimbus,1962,26,27,8,912.82,1091.45
"634abacc-293a-4c93-821a-3bb7a53f03ff",auto,Vertex Car Charger A685,Vertex,15931,59,26,7,397.21,496.03
e1546b90-2bd1-454c-94fc-bb5e40d40b96,toys,Nova Building Blocks (Beige),Nova,910,10,5,25,15.4,28.29
"979d888b-8323-4dc3-83da-990df76c96a4",home_goods,Crest Vacuum Set,Crest,2377,39,27,26,37.72,70.18
"8dba4e27-4e68-4654-89af-941a1a92501e",toys,Vertex Building Blocks Toy,Vertex,981,8,21,12,6.65,16.17
c445be36-ab1d-419d-b0c6-278cbede7e5c,electronics,Zenith X879 Smartwatch,Zenith,969,35,6,29,1199.86,1511.71
"20adcecb-28c7-4109-bdab-1a73bc67c528",furniture,Zenith Walnut Coffee Table,Zenith,8883,178,5,14,576.13,803.45
"821beb69-d8b7-486e-b185-506d3b3ea17f",books,Establish radio smile,Orion,680,12,9,25,23.06,41.54
"0d3ae855-9958-43c6-8dbb-967170c215f3",electronics,Pulse M634 Monitor,Pulse,1230,30,17,23,324.16,362.03
fbc3f098-1b38-4f3a-826e-982adab69c48,furniture,Crest Steel Desk,Crest,34647,111,5,12,458.1,755.76
"8717a693-1e0d-46e5-9ef6-d0411f162e54",furniture,Apex Desk - Industrial,Apex,17303,194,22,29,486.23,844.85
"9a783c1c-3a50-4129-9739-fe293cdd4a8c",books,Service interesting address front top,Nimbus,284,19,21,5,9.98,19.6
b0a5eaa4-4e9b-43ab-a187-5a0d7d2db557,furniture,Zenith Oak Chair,Zenith,48523,145,18,19,251.7,472.08
b93d2670-ed23-463b-93fa-c067133b50b8,toys,Nimbus Puzzle (Black),Nimbus,164,22,22,8,20.8,44.02
b4bec48c-6789-41ac-a62e-92269cebc597,furniture,Zenith Chair - Industrial,Zenith,25000,77,23,12,192.24,351.37
"191ce322-992e-429e-9145-716779542697",electronics,Orion Monitor P402,Orion,1920,14,27,10,1370.4,1701.79
"138f67b6-5669-44dd-8d44-05cca29f8d33",books,Study rate,Orion,519,10,23,7,22.22,35.37
"38e36858-4ba7-4411-b1b5-fcbcf11e724a",home_goods,Zenith Air Purifier Set,Zenith,4780,64,29,27,77.89,179.15
"3e50a1dc-dc4f-490a-9f59-cefc218b6a72",furniture,Crest Desk - Modern,Crest,6985,116,20,15,586.86,930.13
"5cc6eaa4-6eb9-4ec9-9029-ff2aa4d881b4",home_goods,Vertex Air Purifier Set,Vertex,4760,32,25,7,10.95,20.8
"469886d8-7a0d-41a6-8f23-446170732200",furniture,Nova Steel Bookshelf,Nova,6326,106,14,7,683.66,974.41
f0898beb-8d0f-43ff-b4fa-39490c57ec52,auto,Orion Tool Set Kit (P923),Orion,10016,74,8,25,81.27,113.67
"72190fda-9877-4a6b-bf6d-5bb0da7ce5ad",fashion,Crest Cozy Backpack,Crest,329,43,11,8,59.37,221.76
"4f36d0dd-69b7-44e8-8da7-f208f31524dc",home_goods,Pulse Vacuum Set,Pulse,3346,83,7,10,102.31,191.19
"24597811-cb42-4b28-a1dc-e074d451e8e9",furniture,Crest Sofa - Cozy,Crest,11384,144,9,10,490.97,654.97
"5816f107-b725-4c41-b794-298bf9669a41",furniture,Zenith Oak Coffee Table,Zenith,43065,143,27,23,587.82,917.98
"3fc1049d-93af-4c79-a91d-c5a240e786fa",fashion,Apex Sneakers (Green),Apex,868,29,13,7,101.1,285.39
"94c57581-6758-468f-b11d-d5916b010f55",books,Marriage fact short thing before,Vertex,382,12,25,16,19.24,32.05
"9c061ab1-672f-405b-b1ed-a79f86f39805",books,Truth general able as sort: Commercial crime night leg agreement sea,Nimbus,936,10,18,27,14.6,21.49
"26d662f6-6ba7-492f-9729-e82c844eb758",home_goods,Nova Air Purifier Set,Nova,2655,44,19,18,105.51,194.72
"68b64b5e-ab57-4683-87af-6b21d08f8e02",home_goods,Nimbus Air Purifier - Industrial,Nimbus,828,27,27,17,55.19,99.15
da61183d-a19b-4b91-97c4-c87750d6d72e,home_goods,Nimbus Bedding - Minimal,Nimbus,2470,78,5,23,12.16,28.4
"3acb6ed1-17cd-4db5-bc58-0f12b2f63125",books,Finish war: Knowledge daughter month summer,Orion,858,23,25,21,25.35,40.19
"5b091a3d-2b38-4a22-88a4-87cddb094080",auto,Vertex Dash Cam A378,Vertex,13838,51,14,23,49.12,61.78
ec0d99db-fa4d-4dcf-9ae1-44116e854aa9,home_goods,Orion Bedding Set,Orion,3682,49,10,13,98.82,174.64
"124b5c36-6f40-4100-9adf-cb2abb9ee37e",fashion,Nova Classic Sneakers,Nova,373,22,15,13,86.81,205.86
"6d5847d7-49e2-4828-9385-5be40b6873a2",fashion,Zenith Hoodie (Blue),Zenith,353,28,24,18,55.46,185.81
"16e55d44-7b92-4ff8-9023-bc82e2aaffe5",books,Region simply network,Zenith,536,16,10,15,6.33,10.01
b62e2acd-3e5e-45fd-90b3-4d7358035cca,toys,Vertex RC Car (Beige),Vertex,502,15,17,13,38.39,85.65
"6b635747-f5b2-4ef3-aaa4-2e2d8b152707",fashion,Pulse Hoodie (Green),Pulse,588,49,8,18,72.8,185.9
"4b1fbcf6-93bb-45e5-8444-b86bd8d66f5f",furniture,Nimbus Fabric Coffee Table,Nimbus,24801,55,11,21,424.18,691.37
"0bdd65e2-2fd9-436b-acf6-0e21980a4234",books,Bit represent house participant: One important through once new service,Nimbus,579,22,6,26,9.34,17.66
e5a59c89-56f7-4490-a810-da8dc2ea821a,home_goods,Nova Bedding - Industrial,Nova,3935,70,23,18,28.38,60.13
d9a7136c-603a-457b-bf3d-afb900d09089,furniture,Zenith Sofa - Cozy,Zenith,40789,167,23,28,344.81,799.88
b10fc53a-d5cb-4da6-a347-a0b943ed0938,toys,Pulse Doll Toy,Pulse,940,27,25,22,10.39,19.09
"4c1b6a8d-2e60-42d8-9773-b7cac4a83f51",furniture,Nimbus Steel Sofa,Nimbus,11589,101,16,9,478.54,997.65
d7d20da3-dc77-4cfc-9e8d-ad4164d3cb12,electronics,Crest Tablet S957,Crest,749,10,24,11,560.08,736.38
"3c222ab5-79ee-46bf-80aa-26571232b7e3",home_goods,Orion Bedding - Minimal,Orion,817,34,12,8,56.34,102.76
"04e7acee-6948-45a5-a302-5af1564ca9d4",toys,Nimbus Building Blocks (Green),Nimbus,730,29,25,16,4.43,11.92
aa587ae3-42b3-463b-a808-c363f9489a98,electronics,Crest Camera M216,Crest,4987,49,7,16,262.81,307.04
d4b0ad30-7606-4599-b5f5-2959a3502dc8,home_goods,Orion Knife Set - Cozy,Orion,3992,58,16,13,61.63,144.42
"33495f01-fb08-4294-8c82-585e9ea202c7",auto,Nova Dash Cam Kit (S860),Nova,4938,56,5,19,193.35,269.88
e29fe69e-d1f5-44e8-8578-d8d67eacc5ab,home_goods,Apex Knife Set - Industrial,Apex,1286,21,13,19,57.14,129.4
bbc8f673-0ef5-47f0-be9b-0ee661b3f037,furniture,Vertex Steel Coffee Table,Vertex,19929,151,5,14,329.69,488.91
"17899a2d-16f2-4504-b2ec-3c10d4139871",furniture,Orion Walnut Chair,Orion,40378,93,25,10,242.25,476.16
ffbc3990-534c-45ee-8ad9-1fd1ff9603bc,fashion,Nova Backpack (Red),Nova,292,33,18,8,65.28,165.15
"38441b2b-19f9-4aee-9098-c9a9b4cb8070",furniture,Orion Walnut Desk,Orion,27075,126,10,18,205.49,376.73
"9d263554-c05f-4fd0-96d8-b5751aed3bc2",toys,Zenith Building Blocks (Black),Zenith,909,16,29,23,22.08,49.33
"6f885d0b-d39f-4c38-b73b-b66ae0f5fec2",books,Case move industry,Vertex,887,22,5,11,7.58,12.01
cb154015-7489-4d22-8600-e74b9c0a0bba,fashion,Apex Cozy Backpack,Apex,789,39,20,11,16.89,41.21
e7b2a300-3d50-45c2-ae86-938bbe65cee6,home_goods,Nova Knife Set - Minimal,Nova,2000,55,12,24,18.68,39.4
"5c56efb7-6c6d-4368-9517-4cbfe8f85f3b",electronics,Crest Camera S489,Crest,396,12,18,22,260.11,308.86
"28cf4049-9518-433c-8bf2-dd7b934716b2",toys,Orion Building Blocks (White),Orion,521,17,12,23,5.72,15.09
"0c24aa12-649c-4693-8763-f175f90dd2cf",home_goods,Nimbus Air Purifier - Modern,Nimbus,2904,81,22,20,77.39,166.4
be9d6d33-185b-4949-bfbc-08e8d1ecb51f,fashion,Pulse Modern Backpack,Pulse,701,22,9,11,22.86,62.8
afe7ae5e-46a8-43e2-a2a3-1b6507588eb8,electronics,Vertex A981 Smartwatch,Vertex,678,30,15,12,889.33,1121.1
"5bdcf373-29f2-487f-9293-3dda4e615469",furniture,Apex Leather Chair,Apex,5019,76,6,5,262.02,630.38
"5dc910f8-9297-4b41-b722-a1d1bc55685f",home_goods,Orion Knife Set - Industrial,Orion,3511,58,13,15,81.0,157.88
d9de73fd-ef83-4956-9a36-cb976c1f5be6,toys,Crest Puzzle Toy,Crest,427,7,10,14,10.99,30.74
bc52901c-70e7-4e3c-a1cc-a3d42ab8849f,auto,Crest Seat Cover S615,Crest,14393,35,21,22,296.2,406.25
"0325b2ba-fe12-4ad6-ad89-28c56b40e679",electronics,Nova A397 Smartwatch,Nova,4318,13,28,20,1516.47,1756.54
"6f10e9b7-47f5-498a-839e-b3380982dd74",home_goods,Nova Lamp - Minimal,Nova,2848,12,20,17,11.29,22.82
"0faa0409-ce6e-4f33-bb14-c7bee31f25e5",auto,Nova Tool Set Kit (X908),Nova,15229,12,19,26,219.09,289.07
"10bbc9c0-a417-4619-930e-b242fed6b461",books,Usually debate late raise: Rich sure officer you paper,Zenith,899,16,5,12,8.54,13.61
"55c99f1f-9858-40c4-9dd0-51d63f01de1b",electronics,Vertex Headphones S928,Vertex,2441,39,11,8,999.53,1170.04
"86a2a578-0918-403a-a34b-0d414f572fff",electronics,Zenith S695 Bluetooth Speaker,Zenith,1730,34,15,11,878.33,989.76
"88fe7872-59d9-4c24-9581-b75ebf034ed8",electronics,Crest M917 Smartwatch,Crest,2486,17,28,21,185.01,214.53
"6978ef17-805e-4e17-bc94-0fc2a9fe6ecc",fashion,Orion Hoodie (Black),Orion,218,21,22,10,50.17,174.91
"04a8eb42-8228-4e87-97b3-e61cbd6b0d94",auto,Apex Dash Cam Kit (P876),Apex,12713,98,5,9,147.11,217.11
"838853aa-8ed3-4dcf-8190-b573de87851b",auto,Nova Dash Cam Kit (P928),Nova,6657,32,24,23,129.86,193.36
ef9f36f8-ef7b-4a26-bc7b-ebf1d7c0797d,electronics,Apex M574 Headphones,Apex,4076,19,19,7,1506.91,1759.92
"6df46197-b2db-426a-a2c9-aaeb47fe9b53",books,Gas team young western system,Nova,395,17,11,19,22.88,44.42
"75238529-aaa8-4983-93af-a1a98ce64b6c",furniture,Nova Sofa - Minimal,Nova,13164,80,13,10,547.99,753.73
"3ffbf4bf-2d07-4d86-823e-1ba1fc817c52",books,Possible direction everybody deal ready: Positive most I student,Vertex,497,11,23,5,23.59,35.06
dd12a446-424f-4cc1-8008-eda6b2fc6b0e,books,Memory expect: Enter nor product protect letter final,Nimbus,293,13,5,16,18.81,32.45
"13af3ea4-2dce-4fe2-9f4d-17dd4b931b22",books,Model commercial,Pulse,548,20,17,24,22.76,39.77
"6e6b8792-6828-4679-8187-bf508d34d9cc",books,Be while natural road: Seem reality individual human,Nova,827,23,9,7,10.72,17.02
d48e8c2b-b695-4c30-9f14-4dc632b4e93b,home_goods,Pulse Vacuum - Classic,Pulse,4851,16,23,28,55.94,133.06
"69e743dd-d0d2-45a9-8b73-7049eafd3bff",home_goods,Orion Vacuum - Cozy,Orion,771,23,6,7,107.1,194.95
"88570a12-8b85-4459-b326-e1ba30b7db6b",furniture,Vertex Oak Sofa,Vertex,35791,161,7,15,120.83,158.83
"2473b6c4-76a0-49c8-9b47-e65f976715dd",books,Guy yourself low century: Pick article across exactly,Vertex,944,23,19,16,20.24,38.72
f8e8ddc2-ac51-4f55-a3a9-68614cce7c77,fashion,Zenith Industrial Hoodie,Zenith,149,27,9,9,53.75,123.34
"3c246507-7de7-4712-bf71-f663bc7e23c4",electronics,Crest Tablet X357,Crest,274,47,8,28,287.24,365.74
"0c748f44-54b4-4175-92d6-a3c8d7de4f11",home_goods,Nova Knife Set Set,Nova,1067,62,11,10,66.99,113.53
"9f7a2f9e-df89-4ebb-adf8-02e9c8b00b9c",toys,Nimbus Building Blocks (Beige),Nimbus,319,26,28,17,26.7,58.82
a1481474-560e-4dc2-a4fc-31f844ff5932,furniture,Zenith Fabric Bookshelf,Zenith,14227,194,9,5,281.96,532.23
"03d04de9-abb2-42f0-b01b-721c8acca273",fashion,Orion Industrial Dress,Orion,503,47,10,18,74.57,218.38
"5e96c4c4-b5bc-4ecf-b081-57eae545348b",electronics,Nova Monitor M555,Nova,4605,37,11,10,1650.47,1840.16
a96aa85a-e271-43e5-aba5-435f71d9a2f5,auto,Orion Tool Set Kit (M484),Orion,8862,52,16,6,300.33,450.39
"55bfb8b4-7748-4f96-8e26-9bdfebb60f0a",auto,Zenith Car Charger Kit (S987),Zenith,19665,91,9,29,68.45,92.34
a7f8e3a1-3dcd-4045-8984-c891c80563ef,books,Style office would plant before: Part money second suddenly,Crest,771,22,15,18,10.95,21.65
"7f1a7f1e-9026-46da-9bbe-4a1408d6db17",fashion,Nova Sneakers (Beige),Nova,170,45,9,28,84.32,194.48
"7768168c-eca7-4631-946a-5c78224d7a48",electronics,Orion Camera M969,Orion,3103,22,5,11,1220.28,1465.32
"5c4885b0-2b44-49d5-a258-952d51fe8481",furniture,Nova Fabric Bookshelf,Nova,19260,52,9,20,109.87,181.66
"23cb813a-7c80-4af5-a8cc-a1d7ba2955ff",books,Adult energy product: Fish child newspaper job,Crest,608,10,8,6,6.83,12.51
"54b30fa1-016a-4a9f-ba55-7ccd6c8d7c68",electronics,Crest Monitor M325,Crest,1560,28,7,22,937.19,1110.88
"2e5c762d-bb93-4d19-b059-940b47d85b03",home_goods,Pulse Air Purifier - Industrial,Pulse,690,68,5,20,94.44,172.91
b46075bc-d99c-49d5-8a4a-5bbd30bd8615,electronics,Zenith Monitor M614,Zenith,4806,18,5,8,1142.29,1285.46
db598f77-c919-4cb9-9cd4-dd77a07b19b1,auto,Nova Seat Cover X313,Nova,4996,68,18,25,75.97,89.6
a2425e42-f2ec-4f07-9b30-514222a0ed61,furniture,Nova Desk - Cozy,Nova,6938,85,19,26,503.42,928.31
"15da1b36-7f6d-4002-b791-c0df6e3db148",auto,Nova Tool Set P957,Nova,1371,74,9,28,39.06,53.83
b0bd93e0-7573-4a7f-b5f2-1629bb973e20,home_goods,Pulse Lamp - Modern,Pulse,547,62,19,8,85.69,153.45
aac68f01-f170-4027-9fb5-ddfa1ac00e1f,home_goods,Pulse Knife Set - Classic,Pulse,2935,99,19,24,28.62,66.73
"53321c0a-e038-4dd8-8bc1-04a87b7a4456",furniture,Orion Leather Bookshelf,Orion,32646,54,6,7,325.05,522.88
dbb240fc-8c58-4301-bffe-478db93da8fe,furniture,Crest Walnut Bookshelf,Crest,39695,139,15,20,179.61,386.02
"4156e8c0-e6c0-4a15-b5cf-04abe67e5a15",home_goods,Crest Knife Set - Minimal,Crest,3459,55,7,23,26.72,52.27
"84c83849-217d-4feb-a611-b0ebaaa8b426",books,Need go want be,Zenith,954,17,23,10,18.73,28.03
"1ece7562-8586-4420-abda-eff24481eff0",books,Event similar toward ten,Crest,451,24,18,9,9.93,16.74
ea744264-8a4e-4a15-8b91-4839fef8cf33,home_goods,Apex Bedding - Cozy,Apex,3973,99,16,10,97.79,190.8
e547a27b-5921-4984-a1e8-264ba724eb27,books,Window move: Study other prepare center play economy,Crest,581,17,14,13,20.22,35.44
e0c4e316-3c38-46bf-b349-6e397d133314,furniture,Orion Walnut Coffee Table,Orion,42396,183,12,17,86.28,141.79
"466e7102-0770-4340-93a9-b5f7cd4202f9",fashion,Pulse Classic Dress,Pulse,253,43,22,12,23.16,66.19
c6c553f3-b910-4241-9690-caa0b65100d4,auto,Pulse Tool Set Kit (S696),Pulse,11083,22,15,19,294.02,352.04
"8968bdad-225d-47ab-b46e-58e8d6256d3d",auto,Orion Tool Set Kit (M889),Orion,16967,49,26,19,305.28,468.3
"75b140e7-39ec-46cf-8f77-12f728feb8a6",auto,Vertex Tool Set Kit (A581),Vertex,2770,43,28,17,208.82,247.42
abef83ee-e627-4d53-ab21-18ee2daa88ac,home_goods,Pulse Lamp Set,Pulse,4631,61,25,25,25.17,45.36
e1e6c832-e0ca-4799-91bc-533169e375b7,furniture,Vertex Walnut Coffee Table,Vertex,36609,130,9,29,202.88,387.19
"8801e40e-2b62-4f1c-8289-2810f9d9e7d0",books,Senior paper: Over check individual,Nimbus,697,14,27,23,14.87,28.05
e45ec2a4-df93-4d5a-899d-af7702118e2e,home_goods,Zenith Bedding Set,Zenith,3455,83,18,8,106.52,188.82
b2468c93-894b-4a2e-8c03-2c620a8f2b4f,books,Hot author,Zenith,989,18,21,23,16.02,24.18
"3754cf75-2cfd-4fa4-8b31-8ca7c28077df",fashion,Pulse Industrial Backpack,Pulse,973,28,28,29,95.22,294.84
a5845e7d-993e-4794-9dbe-fda831a89ae3,fashion,Apex Dress (Black),Apex,221,55,20,25,45.92,102.65
"3ea66501-b072-4f82-91c4-80f6c04a3ab5",auto,Crest Seat Cover A345,Crest,14951,10,27,24,185.39,284.37
"17fbf400-d2d6-47df-a7a9-ca7e148da463",home_goods,Nimbus Knife Set - Minimal,Nimbus,1336,76,8,7,4.51,10.15
"7b99024d-50aa-4d33-bb3f-443e8d8a166c",home_goods,Pulse Vacuum Set,Pulse,2581,14,23,8,61.02,127.2
"3ed0730f-a0dc-48f3-926d-d1afdcf25849",books,Spring score clear,Nimbus,870,14,15,23,29.95,43.81
fd1e86ab-298e-4c13-9342-a8c3a35683d7,books,Human not doctor upon: Page customer might,Crest,790,13,26,10,20.74,38.05
"95c48d3e-3948-4372-a07a-ea9673085f13",fashion,Pulse Dress (Red),Pulse,524,39,11,14,82.61,280.47
"6085237b-11fa-4d69-8390-be867e94bbbb",auto,Zenith Dash Cam Kit (A579),Zenith,10222,64,13,19,175.19,253.19
"36a1f2cb-2649-4f7f-9841-d07da25cf1dc",fashion,Crest Cozy Sneakers,Crest,640,41,18,18,77.59,182.16
c9eeae25-6292-42a3-a024-9b6560c1351d,auto,Vertex Tool Set P729,Vertex,2038,62,10,28,172.52,262.03
"9306f17d-c62a-4b9b-a957-026711808b24",toys,Nimbus Building Blocks (White),Nimbus,434,10,24,7,14.81,31.58
ceb611b8-0c75-4d5c-aa67-82114161e980,auto,Orion Tool Set Kit (X878),Orion,3004,37,15,14,277.02,367.47
"51a94f47-016a-46e6-b42f-7d6bf4614a05",fashion,Apex Industrial Backpack,Apex,375,58,19,21,59.86,200.85
a423317c-0b75-4a5c-b596-3b6f5836a588,toys,Nova Doll Toy,Nova,995,27,18,18,50.0,98.49
d27b9b19-b9a9-4ea7-8f5a-253a977fdc4d,electronics,Nova Monitor A779,Nova,1191,49,14,8,1567.81,1966.19
"15ef7ceb-3d79-486d-a541-0c0f51dfe628",fashion,Crest Modern Dress,Crest,187,59,22,28,71.22,264.43
"2ff772fe-6ea2-4dbf-a01d-3aed953d37b5",toys,Crest Board Game Toy,Crest,369,8,25,10,16.92,37.01
"8dd6b413-05d2-48f4-a448-6e0d222fede5",furniture,Zenith Desk - Cozy,Zenith,40621,196,9,15,281.28,361.3
feb896b1-973a-43c4-a1a5-fb9dbcc72cc2,books,Here interview magazine security: Animal audience people,Nova,773,12,28,13,15.67,30.03
"660f7938-04d3-4fa8-94d0-213911c27f08",furniture,Crest Sofa - Cozy,Crest,22872,110,24,9,117.95,161.39
"4ed68c96-5bdd-439d-8654-14732143b8f8",electronics,Vertex Smartwatch X961,Vertex,746,23,12,13,996.86,1162.27
bfdb9761-b297-4c67-8ba4-7bbbf663d175,home_goods,Crest Vacuum Set,Crest,1563,14,6,26,53.42,130.8
"50ad8ad8-583f-4bd1-92a1-803ca7d354ad",furniture,Pulse Oak Coffee Table,Pulse,40429,113,26,29,60.63,109.3
a061463e-78bb-408e-889e-1ad578a820ed,fashion,Pulse Industrial Jacket,Pulse,550,36,16,24,89.36,290.99
"07fb14db-ca72-4d2e-a99c-4a5fc42837b4",books,Worry see,Crest,255,16,11,6,18.25,29.07
be1aa8dc-1fe5-4462-b01b-838bfe9cd958,toys,Crest RC Car (Black),Crest,696,12,6,16,8.51,16.21
ca7a26ee-cd12-430f-850d-ef4a680f0a4a,auto,Vertex Dash Cam Kit (P627),Vertex,18612,93,13,16,93.82,126.3
"96b5df7b-e95b-464d-94ca-2aa33a77cadb",electronics,Vertex S514 Monitor,Vertex,2720,16,5,9,796.17,1039.69
f373eced-5304-4ef4-abf3-282294e1ed44,books,Machine study,Pulse,438,12,9,13,6.75,13.03
fecce33c-ffcc-4763-9846-0de71dd43628,toys,Crest Building Blocks Toy,Crest,646,15,6,23,35.07,95.91
"9d01f537-992b-433b-8329-2a7549a90264",books,Certainly tree commercial: Others choice friend exist measure enough,Vertex,406,12,22,15,24.65,44.25
"213ccbb5-a89a-4fee-9d6a-8fe8b5333b3e",home_goods,Apex Bedding Set,Apex,3019,81,8,16,13.96,26.03
"86dfa9e6-5dc0-4a09-a62b-0f7005d4275b",books,Last system fine,Nimbus,599,22,22,8,8.56,16.57
f8d9cb72-3aae-425f-8c23-625e29d2a442,electronics,Orion P893 Smartwatch,Orion,2093,18,7,27,1067.26,1357.75
"5a3f9631-989c-4854-b6e2-96c2c3f85899",electronics,Nimbus Tablet M752,Nimbus,816,28,11,19,973.48,1270.51
"52fda3d2-01ed-4ad5-a24f-154d1884d1cc",electronics,Orion Bluetooth Speaker A761,Orion,2863,10,8,26,1402.11,1625.94
"86ba4889-8ecf-4fb8-b54b-1772f5452be2",books,Guy fill manage pressure sense: Radio movement into,Nimbus,281,14,27,15,22.44,39.35
fea893e2-65df-4603-b180-b48338ee8aba,fashion,Nimbus Hoodie (White),Nimbus,335,38,29,10,42.82,130.35
adada0cb-1526-463a-9bee-b81d242d0f08,toys,Pulse Building Blocks Toy,Pulse,137,22,13,24,23.53,64.29
"0a6ec5f8-a005-4f5e-96fa-6c2b9344498d",books,Newspaper sure,Nova,701,14,25,24,32.92,47.39
"52c2c5fe-0528-40a9-96ec-c468d2f8e68b",books,Instead receive light similar finally,Vertex,636,16,18,21,12.11,20.57
"30f7e21d-b62c-4024-afa6-38ccf645b0c8",auto,Nimbus Dash Cam Kit (X940),Nimbus,16198,39,26,5,112.81,160.09
a8837fed-5cd6-4aba-b007-944220a09ac0,furniture,Nova Fabric Bookshelf,Nova,9295,166,6,8,106.14,173.15
a09e03f6-ec9a-430b-9a3c-9b44d03f1bcf,auto,Apex Dash Cam P159,Apex,4698,97,29,8,224.8,276.8
"343e9bdf-424c-443f-a648-e595ac8fb6da",toys,Vertex Board Game Toy,Vertex,162,12,20,20,27.46,59.38
b664eedc-a7de-494c-898b-3b4a10268d69,auto,Orion Car Charger Kit (S894),Orion,8292,27,16,26,296.79,449.44
fd23630b-2677-4cb6-b3ff-d1f30b467ace,auto,Apex Dash Cam P758,Apex,12530,50,21,18,174.94,241.3
"3e0623e2-4fb4-4176-8c9c-bffa41f3373d",auto,Zenith Dash Cam Kit (M957),Zenith,8403,40,8,23,283.22,373.82
"60268652-88dc-4ac2-a56b-087d76e59ff7",fashion,Crest Backpack (Black),Crest,634,47,6,27,89.87,289.96
ffc7dd11-4e75-480d-adf0-d9f73aec6635,home_goods,Apex Lamp - Industrial,Apex,3014,93,9,16,78.43,161.8
"14acf1eb-edd2-4cad-874c-296e6d21b2ff",electronics,Vertex Smartwatch P697,Vertex,2361,44,10,13,1174.91,1371.21
"95e69a9a-2781-4a4f-a993-af80774522f1",home_goods,Pulse Lamp Set,Pulse,1677,85,19,11,32.62,56.38
"734abc3a-5c4d-4db1-87f9-0ca34f6bec95",books,Minute hundred,Vertex,250,15,23,16,8.39,16.08
b628905f-b29c-41ab-a63a-8ae8e00845c3,auto,Nova Seat Cover Kit (X897),Nova,9924,48,19,5,192.3,230.67
"28dd178a-094a-4079-82f6-5353aefeff8c",electronics,Zenith X498 Monitor,Zenith,2743,27,28,22,1174.5,1356.68
f5c75574-9594-4277-ada3-13bf7bbe44bb,books,Three accept,Apex,998,11,17,10,24.89,40.41
e39b6500-02c2-40b8-abf2-16db5fc1c5fd,fashion,Zenith Dress (White),Zenith,630,45,24,11,34.53,137.51
"82fd4878-65e7-4da2-957e-46babed264df",auto,Nova Seat Cover Kit (X379),Nova,1580,26,26,13,276.08,421.33
"80cb688c-1b43-458e-9c24-c96c375b1201",books,Foreign bed: Other environment front summer least Republican,Nova,606,20,13,8,14.36,25.34
fc6f83e8-bb50-4a4c-a6ee-44587028e7f4,home_goods,Vertex Vacuum Set,Vertex,3777,60,15,5,6.93,12.63
c5897164-f034-4dfa-8af9-a0edb0163b0f,auto,Nimbus Tire Inflator X101,Nimbus,6627,60,5,12,56.71,70.38
"35c74a66-0ede-4ae0-be3a-93980fbe6531",books,Star dinner official strong,Pulse,450,12,21,28,8.36,12.5
"3ca048a5-cb6a-4415-b9ef-7327eda1eda7",toys,Vertex Puzzle Toy,Vertex,263,19,10,13,12.38,27.38
"7040e89d-4643-4d14-a8a5-37cb88e3efc1",books,Particularly must source: Fire environmental data also,Pulse,355,24,18,18,15.83,30.4
"90222928-f27b-4591-b3b8-342dcbfdc5d9",furniture,Vertex Chair - Cozy,Vertex,11265,52,28,29,652.63,843.9
"73720fc9-2dc4-4d18-9a5b-f87f1969d99e",furniture,Nova Chair - Modern,Nova,37219,156,15,17,291.23,701.02
b056c226-9cde-4df7-9ea2-19bda9eb26b4,home_goods,Pulse Air Purifier - Modern,Pulse,4722,33,16,23,89.34,196.76
e2a79b87-dcb7-42f7-b6eb-4a32b1239224,auto,Vertex Tool Set A334,Vertex,3166,90,10,5,108.18,158.66
"72e55b8f-3063-4fa2-ac72-02c09e016d20",auto,Crest Tool Set Kit (M409),Crest,1597,63,12,13,100.48,137.3
"873320b0-5b81-4b7b-b604-ad0bfc434fe4",electronics,Zenith A184 Monitor,Zenith,3590,38,27,6,260.41,335.11
"577797b0-bc40-4f8b-b47d-e0488d93acdb",home_goods,Orion Lamp - Modern,Orion,1601,42,20,19,92.36,165.07
df74b15f-e87f-4e71-b35f-0cf1809d6383,books,Memory find before,Vertex,625,20,16,9,24.03,36.99
"4ed4d443-1af8-4a05-8ecf-b031191b080c",furniture,Zenith Bookshelf - Industrial,Zenith,42811,164,23,19,479.73,888.42
dee03a88-883c-42c7-aa78-d36c1559d929,auto,Nova Car Charger P974,Nova,19989,77,16,15,99.04,142.68
"50a0eea8-c90f-4f16-b1bd-7b5913b640c4",toys,Orion Doll Toy,Orion,235,6,27,9,25.7,58.25
"1d0a84aa-5291-4aeb-8a94-5b7ce2733bd9",auto,Zenith Dash Cam Kit (P672),Zenith,15405,74,15,16,54.2,78.96
"2e4ee971-5faf-4eb5-9af7-79291cf7ea5c",auto,Orion Car Charger Kit (S424),Orion,17725,95,26,23,225.22,301.49
db321d20-6099-4a97-9210-abfa1dcc2edb,fashion,Crest Cozy Jacket,Crest,250,51,17,29,64.84,191.84
c7a63939-5e12-4805-b92d-b989e73ea6b0,books,Sing clearly ever center,Nova,968,16,5,17,20.14,36.17
"9e44c975-a6e9-47a0-b215-6cefbb38ed36",toys,Orion Puzzle Toy,Orion,971,5,7,29,4.65,11.11
"2c4809ec-d397-40dc-a590-baacf24616c9",electronics,Zenith X850 Tablet,Zenith,3303,42,5,20,729.81,935.51
"397541b8-d26b-4ade-bf84-103ebcb5f807",books,Simply bar rule,Pulse,607,16,23,18,24.17,42.28
a7d693c8-776c-4b07-a5b8-e360c90ead30,electronics,Nova Monitor X611,Nova,840,36,28,12,582.7,763.33
be50561c-56cd-4221-9a02-d514632602a2,auto,Crest Dash Cam M418,Crest,6550,29,9,19,341.26,439.28
ee6bad62-45bd-4e9c-816b-95656d2d654c,fashion,Pulse Minimal Backpack,Pulse,161,22,13,22,63.21,149.89
d94ee2f4-9155-4dc6-9ef7-b816b80424c4,home_goods,Apex Vacuum Set,Apex,3781,49,22,15,50.2,116.58
e33dd664-0311-4162-85d6-dcc3143168a9,fashion,Nova Minimal Backpack,Nova,795,51,9,24,32.69,105.97
"283d2d51-12e0-486a-a1c9-8aca6bcbc026",fashion,Zenith Hoodie (Black),Zenith,417,56,25,19,9.05,22.91
e536fa0e-a3be-48e5-aba8-b80771c567a8,furniture,Nova Fabric Desk,Nova,31501,136,29,12,247.89,349.29
"4f2209f0-d933-44a7-a61f-ce570297cfe3",home_goods,Nimbus Knife Set - Industrial,Nimbus,4566,43,20,12,74.2,152.47
"7278a492-4071-4703-a2ba-a326134f069d",home_goods,Apex Bedding Set,Apex,4208,37,15,6,97.95,185.85
b8607c71-d0c1-4a56-b17e-599ca95bf862,furniture,Orion Sofa - Minimal,Orion,14645,87,23,9,345.5,814.55
"03d5b28c-8386-4617-b534-d48991fdcce8",home_goods,Pulse Lamp - Industrial,Pulse,1775,62,27,8,44.25,91.12
"8a31edee-56ff-4283-88c8-a8157f4278c9",furniture,Pulse Bookshelf - Industrial,Pulse,9319,141,10,6,523.41,833.97
"8d052dd7-8f4d-4a6c-9dfd-7f3bb6763000",fashion,Apex Cozy Hoodie,Apex,713,53,12,5,57.1,152.2
"00f383d1-679b-4f8b-b640-24f94cb51a26",auto,Pulse Car Charger P460,Pulse,3986,15,18,22,183.94,226.93
b8ad4c6d-42be-47b4-93e0-c61bc7d24de4,electronics,Crest Headphones P138,Crest,2874,24,17,14,228.33,293.56
"17299769-1767-4924-882b-978d6cac5627",toys,Orion Board Game (Blue),Orion,697,28,15,19,14.96,28.3
"4fff5743-73b9-42a3-afd5-f250f089444a",auto,Apex Seat Cover Kit (X694),Apex,3294,24,27,27,73.42,91.93
c5295dca-e753-487b-860e-28f794f4cb1a,electronics,Orion Camera P954,Orion,1262,32,26,11,1434.16,1605.69
"5120cd98-6ad3-47b5-807d-a7482562434e",fashion,Pulse Sneakers (Black),Pulse,685,58,20,25,37.47,124.48
"9093d21e-1573-4213-b797-df61b5df6c71",home_goods,Nimbus Air Purifier - Industrial,Nimbus,4549,80,15,16,66.13,133.01
"8c3e5936-61bc-4bdf-a476-afd473d51d0d",books,Sit serious structure number skill: Yard under skin member sell,Nova,684,20,6,13,27.87,42.21
"14fe7d11-75bf-4e6d-a761-0d14fed3504f",books,Sit news enjoy activity: Impact prove offer,Pulse,496,17,24,24,9.3,15.46
"8ce33e95-511a-4b27-9c23-2ed4211591c4",furniture,Pulse Leather Sofa,Pulse,35926,99,18,17,436.12,623.21
"10e6ea91-680a-4c42-85f6-c551537c97f1",books,Weight off guy boy: Three information fear rise girl responsibility,Nimbus,631,17,26,9,29.32,42.38
b83b82e2-eb5a-478f-a9d7-f63b45aa2173,toys,Crest Doll (Beige),Crest,708,14,28,20,24.23,64.09
"809417d8-c0e4-4124-bbc6-aaeb9e14b195",electronics,Nimbus Monitor M975,Nimbus,375,15,15,25,362.49,404.39
ec96b8f5-e23d-4f5f-aeec-cd3d74037b9b,auto,Pulse Dash Cam M528,Pulse,16132,47,18,29,81.78,97.98
"7b82ebad-9717-4480-9346-864b62ec152e",books,Child usually newspaper speech: Believe according science certainly,Crest,799,23,15,24,18.88,33.77
d069328f-4d5d-40bc-98fb-f2ed82be9754,toys,Nimbus Building Blocks (White),Nimbus,164,5,23,5,16.19,33.36
c6c46c3e-d53f-4601-881b-30690b7e2a10,home_goods,Crest Air Purifier - Cozy,Crest,4893,78,12,24,11.13,24.32
"94ee8315-31ae-4f89-91f8-d24b84e1ee01",books,Point hope,Apex,537,10,15,9,13.05,19.02
"20fe7673-f03a-4cff-bd21-da1a7b88b1cb",electronics,Zenith Headphones M816,Zenith,3967,23,6,21,1012.53,1257.64
b382c31b-264f-4dc6-958a-c6c91999be8a,electronics,Nova Headphones X514,Nova,3217,16,5,23,115.39,143.86
fd0f6711-3bb0-458f-b351-0956a1e49549,books,Off society dinner,Apex,328,21,25,17,21.35,38.77
f8f27c86-5e5e-4091-aabf-ed0d7d7f9907,auto,Nimbus Tire Inflator Kit (S952),Nimbus,10815,35,14,19,371.83,468.17
"97fb9975-6878-41a4-8fe8-e84253da0c23",auto,Crest Dash Cam Kit (S238),Crest,3255,37,15,7,323.32,478.18
"61a68682-29a8-4d63-ae52-7b8c9e57b671",furniture,Vertex Leather Desk,Vertex,49869,137,20,5,228.7,495.76
c94bfbcf-9d3c-4c19-9c32-9b43cfc08c38,auto,Vertex Tool Set Kit (S644),Vertex,18622,24,15,8,75.07,89.08
"1f670617-1d48-4498-aed0-dc6ea1a16a63",toys,Pulse Doll (Beige),Pulse,947,14,28,21,6.87,13.0
d3825f88-996e-46af-b18b-cc3db07b6a8a,books,Option move fast: Feel country inside cover though,Nimbus,789,20,8,24,19.9,38.65
cb001568-4033-4357-9dd6-48b2e0155e67,fashion,Zenith Minimal Dress,Zenith,783,25,18,19,15.03,35.32
f5621b09-6867-4254-b9fd-1de7e34b4480,home_goods,Crest Vacuum - Industrial,Crest,504,60,26,19,46.4,110.74
c818a459-e601-40e4-8d67-ccd209f6de47,toys,Crest Board Game Toy,Crest,143,20,21,13,36.1,72.7
b0dbe976-1929-423e-ab7d-58cee429c5d5,electronics,Orion Bluetooth Speaker X769,Orion,4374,30,10,23,291.64,334.41
dc98e51b-62f4-4dc6-a709-a85ede11432a,home_goods,Zenith Knife Set - Industrial,Zenith,4735,66,26,22,24.49,57.88
a583facb-1acc-4a71-9aa8-b4028391af60,books,Federal behavior local: Time food western,Pulse,888,16,26,12,20.28,34.25
"4598c04a-34db-463b-abc6-88301b1cf8c9",toys,Crest RC Car (White),Crest,140,11,25,11,33.83,69.19
"04ec1bf4-ee9d-45d9-8380-ec404cd6a5a6",books,Writer catch movement: Hospital collection red site,Zenith,306,10,23,9,14.52,29.03
aa1f03c8-2c9b-48d2-9f35-b54b4819c2bc,toys,Zenith Building Blocks (Beige),Zenith,503,13,10,11,27.28,77.92
c15792f1-e574-47e7-853b-3c3891dac803,toys,Crest Board Game Toy,Crest,404,28,7,14,46.27,95.53
bbd6f2dc-a7ab-4789-a0e6-150c373e59d5,books,Another every,Nova,729,24,19,17,8.41,12.18
bb2075b1-9d5c-43ab-b124-66a5c99a7898,fashion,Vertex Cozy Dress,Vertex,964,42,21,6,64.45,208.59
"1dff8846-36d4-440f-bdd5-5d312a618c37",electronics,Orion Tablet A830,Orion,3859,45,14,5,566.19,744.05
"1d24b147-bc12-499c-9dcd-be27fdf8805d",books,Hundred protect effort ground: Minute too wear,Orion,435,12,18,19,15.55,27.83
"4b2fb340-39e3-4d9a-820e-dd6fd11dbd86",furniture,Vertex Leather Chair,Vertex,42876,139,6,12,302.59,380.77
dd16e6cd-f832-4ded-8c77-8d1c5e19978a,electronics,Nova X258 Monitor,Nova,3998,48,9,19,250.29,295.15
"7f216e60-5b3a-49ba-a9ba-474d3aab36d3",fashion,Orion Dress (White),Orion,432,23,18,21,44.8,127.25
cd5ef9a7-624a-4ed3-a964-2a80722df9dd,toys,Apex Doll (Green),Apex,698,17,23,9,23.79,49.95
f585362a-0f98-424d-ad88-3de8ca011d97,toys,Zenith Building Blocks Toy,Zenith,318,26,22,15,20.83,54.17
"586a1bc0-c8a1-4d3a-a056-b4edcd97d23c",electronics,Crest Bluetooth Speaker A488,Crest,569,28,14,11,1532.06,1764.0
b1247aa2-892a-458e-acc5-bcf700d6e40d,toys,Crest Puzzle Toy,Crest,751,12,10,24,29.73,64.6
a68ecc86-f8cb-4b42-9068-819ce7194aa5,books,Company example name town: Open civil without provide,Vertex,477,13,11,5,22.18,36.97
af441f79-0c95-4bae-9a12-acb08df07577,electronics,Orion X808 Headphones,Orion,1418,21,7,16,1219.0,1525.76
db86de7b-7c77-4600-9e82-943fab5806a9,electronics,Orion P359 Tablet,Orion,2776,35,13,26,951.04,1248.0
"004ec480-323c-444a-8463-183188d68a8f",fashion,Nova Industrial Backpack,Nova,416,34,19,23,38.04,134.55
"3adce6ec-0605-4404-a415-22cece0668ce",electronics,Nova S211 Tablet,Nova,2689,14,23,21,370.97,448.13
ea852ab1-ddf0-4401-91b3-7e6d5a33d0d2,toys,Pulse Board Game (Black),Pulse,186,18,8,17,16.94,35.54
e5f8850f-77fb-469c-beda-7efb106e6013,toys,Orion Doll Toy,Orion,157,9,19,14,53.03,98.98
"02577235-4ec9-4617-9f2f-c88b1d20f321",auto,Orion Tool Set X961,Orion,2480,65,6,15,79.26,100.41
efcd897a-f025-4885-abd0-ba91eae496e4,books,Admit economic expert bed get,Orion,707,19,13,26,13.18,19.48
"8dc45245-a15c-4b9a-88d0-70fc65189ccc",auto,Nimbus Dash Cam A156,Nimbus,17135,19,28,26,172.25,231.05
a4a842e2-8c55-4b01-b696-fbf809af5778,fashion,Pulse Classic Jacket,Pulse,152,31,11,15,57.39,143.42
"9958cb81-56f9-4145-85f4-4b5e37e5b117",fashion,Apex Minimal Hoodie,Apex,449,36,18,27,39.48,103.74
ad4aab52-5064-4a16-a579-ea2ba35675c7,auto,Zenith Seat Cover Kit (X202),Zenith,15811,79,6,29,297.14,356.18
df8f91a9-208d-4e86-86fe-1fed0701cfe1,home_goods,Vertex Bedding Set,Vertex,795,33,6,11,22.07,42.02
"244d421b-8432-42fb-b6cd-34d0548b3f9a",furniture,Crest Fabric Sofa,Crest,49182,103,7,27,409.91,522.25
f6c6da65-a96f-4f1e-b06e-fdb9e6b96be8,home_goods,Apex Vacuum Set,Apex,1296,54,7,9,97.22,166.81
e7269164-b143-4807-b7bc-ade88e32a913,books,Practice career everybody: Remember indeed group major,Pulse,665,14,23,14,28.11,46.27
"2b25e9aa-9c90-4d73-b67e-212132bb2fff",home_goods,Nimbus Vacuum Set,Nimbus,2069,87,13,15,84.05,179.89
"27081f52-bafa-4b69-b0c5-9f0ae7e347fb",electronics,Zenith P970 Camera,Zenith,2064,27,24,9,1300.74,1527.04
"8098566c-66a2-4fd5-8b45-2d3c1f44dd49",books,Senior personal live,Apex,807,21,19,12,18.19,36.27
ba1dcf0b-b056-42f7-841e-28f13086feae,books,Focus book house,Apex,201,20,23,6,23.36,34.77
"21a2a4cf-e239-4bd5-bf76-c8a9526b4d78",toys,Nimbus Puzzle Toy,Nimbus,834,17,23,27,37.95,86.68
c74e010d-e5d2-4973-a139-95eae1f4b749,home_goods,Apex Vacuum Set,Apex,4411,34,29,28,20.65,50.45
"7c558beb-408c-440b-b9db-3795e8191569",auto,Apex Car Charger Kit (X632),Apex,9647,81,24,13,304.77,453.23
fc3a4143-c46f-487c-a0fd-b30e930d7952,home_goods,Orion Bedding Set,Orion,3968,67,8,20,60.8,115.95
d8db8a66-d0c0-46d3-ab23-0fc1a2a187e0,furniture,Pulse Fabric Sofa,Pulse,27983,67,29,29,504.23,786.85
e5edc58c-cd2a-4502-9160-936940aa973b,toys,Vertex Building Blocks Toy,Vertex,474,9,19,29,5.66,14.52
ec33774f-0087-464c-9094-2d3039f67e56,home_goods,Orion Vacuum - Minimal,Orion,1179,66,27,8,63.52,109.99
"89804d82-33a1-4558-8fa2-9b0252a2a406",furniture,Nova Desk - Industrial,Nova,24130,108,10,13,395.24,916.9
"6ef6f785-72ab-486f-873d-c0ef4a932674",books,Will some power,Vertex,492,10,23,13,16.43,26.36
"37224c1e-d18d-44fd-96e9-3720cc635e07",auto,Nimbus Tire Inflator Kit (X365),Nimbus,12493,99,22,20,334.33,469.04
e7ead65e-6e59-4a90-a950-f2ba06cf31c2,auto,Crest Seat Cover M630,Crest,3847,70,21,22,80.06,109.18
"6929bcae-b63f-4848-8a1e-4353f328fc17",electronics,Orion Bluetooth Speaker P251,Orion,3389,18,13,6,1002.62,1130.03
db756b95-dca0-4b64-bcae-ab07972eff4f,furniture,Pulse Bookshelf - Minimal,Pulse,20400,193,8,22,241.65,398.11
fd9943fa-9ed5-4270-92a2-afc0b15485d4,fashion,Nimbus Backpack (Beige),Nimbus,216,22,21,9,59.87,150.76
c4b75ecb-96fb-43ca-847e-08664a45da91,toys,Zenith Board Game (Beige),Zenith,770,11,12,22,18.96,50.69
df7573be-8d5c-46b2-bfef-5fd07b25cf8a,toys,Orion Doll Toy,Orion,576,9,16,12,35.48,84.27
c8559177-19cd-48df-ad08-44d9441fdae9,toys,Pulse Board Game (Black),Pulse,277,20,12,26,5.86,14.28
"9ff1bc81-9f65-4011-b75f-229abe628e3f",fashion,Crest Modern Dress,Crest,164,34,12,13,56.08,138.85
a2a3efb3-971c-421c-afcf-9fa524b3c079,electronics,Zenith X919 Headphones,Zenith,2599,42,11,26,1077.85,1431.58
aca905ff-471d-4313-b6b7-99f74df75c0b,books,Not time,Orion,506,13,5,15,28.15,48.61
e24aed4c-e957-4be9-ae60-d25e4fc3296a,fashion,Nova Dress (Green),Nova,939,24,16,27,63.48,202.92
"548a3f0e-6641-4bf6-8059-b56fa8ed6e98",home_goods,Pulse Bedding - Modern,Pulse,4235,34,21,15,104.5,195.7
"90f15cfc-4f90-4c5a-ac38-e72820d37637",books,Magazine become air: Direction east dream,Crest,518,13,19,11,20.87,38.0
da34b447-a983-4adf-a999-2010e24fd99c,home_goods,Pulse Knife Set - Modern,Pulse,568,14,14,19,36.97,80.24
"94786b63-d10a-47a2-89bc-fb3b2fa42c00",home_goods,Apex Lamp - Modern,Apex,2851,62,8,26,38.29,91.86
"00078596-b7ae-4c45-b1e8-c9a480957b28",electronics,Pulse Smartwatch P402,Pulse,3087,33,8,9,1084.01,1206.17
"54edea34-1e3e-43d9-b5c6-af3b83c1d3a3",auto,Orion Dash Cam Kit (S461),Orion,3040,87,5,28,49.47,67.05
eaa3a095-07a1-4b58-8d7a-7ee506195da6,toys,Pulse Board Game (White),Pulse,230,10,19,12,5.49,11.28
"6c0e5284-fc9d-4d85-b0d2-09033d0cfbcb",electronics,Vertex M922 Smartwatch,Vertex,4488,45,23,20,581.09,759.14
"7646e693-1dc5-4a43-87d9-093bf4f22d89",home_goods,Pulse Knife Set - Minimal,Pulse,2303,68,10,24,80.6,166.8
d9ef7a7a-cb6c-43e7-9263-2036da20354c,fashion,Pulse Backpack (Blue),Pulse,625,41,9,29,7.34,28.66
e4fb5add-c099-41a6-98b0-a93a0f5f9392,electronics,Pulse Headphones M978,Pulse,4822,12,14,16,935.71,1205.04
d3904925-ca5f-4d6d-ac61-fe80f170b0bc,home_goods,Orion Air Purifier - Cozy,Orion,1613,71,19,5,106.42,194.12
"0b8625dc-0244-4c5e-bbd0-a24080596c5a",home_goods,Pulse Bedding Set,Pulse,2713,21,8,11,72.3,168.46
"4efc0383-ba41-4673-9eb9-4fb54a354bd1",books,Environment choice,Zenith,617,22,19,12,8.37,14.9
"150130be-3714-4621-bf35-fdfceec58eaf",toys,Nimbus Board Game Toy,Nimbus,142,17,17,24,22.99,64.46
"9cd5fdbd-53e7-4b36-98cc-5b71c6995da9",home_goods,Crest Air Purifier - Modern,Crest,4052,64,5,19,81.26,144.9
c1237f41-a938-4a3f-aeeb-1ac5d880f6c6,auto,Nova Dash Cam M670,Nova,2149,35,9,25,304.99,467.89
"4fa3c876-502f-45ec-93a9-aa55de584cef",toys,Zenith RC Car Toy,Zenith,117,6,17,19,15.08,30.89
f85677bd-6fee-43c3-bd70-ec3e83cb6b40,books,Style cultural: Pull rock quite wonder,Apex,505,21,11,15,20.91,41.78
c663ec02-9dd4-4004-b6ed-dc7acff71c4a,home_goods,Nova Air Purifier Set,Nova,1614,67,22,5,36.15,82.06
d632d4d8-69d4-4385-8e04-b7acff000517,books,Moment condition loss,Vertex,480,15,15,25,6.93,12.63
ce4e3c67-8efa-42a2-b8e4-c89554c7908c,home_goods,Crest Air Purifier Set,Crest,2324,34,17,21,80.42,178.71
"7212f9b6-ca28-4182-b55b-944cd8f7efad",books,Cost able stock,Apex,709,10,21,20,11.94,22.68
e8357d43-2de9-4b19-91f8-674c7d4b2671,furniture,Apex Steel Coffee Table,Apex,10812,151,17,8,497.61,738.08
b074d107-3e84-4c7a-b03e-f6133429ce73,auto,Pulse Tire Inflator Kit (P928),Pulse,9735,10,27,19,172.83,256.22
cd764c64-169f-4525-b78a-9d8af107e94e,toys,Nova RC Car Toy,Nova,724,12,14,29,12.82,29.37
"0fe5c3d7-8cc1-43ad-b809-b61db8dc12ec",books,Defense goal early structure: Her fine six report,Nova,598,22,17,25,13.74,24.15
b66740d1-971b-4901-b2c2-d822c88bfabb,auto,Nova Seat Cover Kit (S120),Nova,7273,44,23,20,63.79,93.9
"5fb5d83f-d010-43a7-9631-0fb353b18c52",fashion,Nimbus Cozy Dress,Nimbus,534,40,6,15,112.57,255.24
"6731594e-69d8-4a3f-a703-57b0015fc20e",furniture,Vertex Fabric Coffee Table,Vertex,18556,192,18,19,263.1,641.08
"759c55a5-a241-4e4c-a3fc-3c55587071ea",toys,Orion Board Game (Green),Orion,974,24,6,11,13.64,27.6
e14262df-9992-47d6-882f-54a21c9088b6,furniture,Nova Coffee Table - Cozy,Nova,40208,178,26,9,394.66,807.28
"6c132890-9d28-4648-85e3-8b21508feb7c",toys,Zenith RC Car (Green),Zenith,123,7,17,19,27.79,61.26
e86ffc6f-155e-408c-a4cf-065dc7a3c0d5,toys,Crest Board Game Toy,Crest,152,28,20,21,45.17,89.56
"3c928f0d-94bf-44a3-bcb2-e3dfc8662b0d",auto,Pulse Tool Set A579,Pulse,3822,49,6,21,44.06,60.7
"9aa8ccc7-9edb-4ff9-8635-35c5a992be04",home_goods,Apex Air Purifier - Cozy,Apex,4157,90,10,15,37.19,85.14
"8e286df5-8b30-41c0-a105-4dabca4d491c",furniture,Zenith Chair - Minimal,Zenith,26882,178,5,20,393.97,769.06
"17a07745-9486-4f1a-88dc-7a140ec7a7d6",furniture,Apex Coffee Table - Industrial,Apex,6498,176,26,24,451.06,881.14
"78dd4dce-0271-4d14-a053-63689c57e7b5",fashion,Nova Dress (Green),Nova,875,45,6,24,39.37,134.14
"5a08fd56-37ad-4ca9-9df9-f57910b465b1",electronics,Apex Monitor M417,Apex,4808,15,5,16,1333.89,1736.04
c5e9efda-f257-4f28-b015-eb32d2b404bd,toys,Zenith RC Car (Red),Zenith,399,25,17,11,4.93,11.39
e5e9de52-9062-4367-a431-bcca773798ba,home_goods,Orion Vacuum - Industrial,Orion,2364,26,12,12,38.27,85.5
"8d51d481-d433-4903-9beb-6d83ec399694",toys,Apex Puzzle Toy,Apex,767,22,9,24,11.52,24.85
feea8a87-ca52-4177-83cf-a002b76bccf5,electronics,Pulse X870 Headphones,Pulse,3574,13,13,8,1292.54,1540.17
"0e2a38d1-6a88-4646-87f5-2057cfb7ad5c",fashion,Zenith Dress (Black),Zenith,132,59,10,26,7.79,25.9
"6eb6cada-0449-4cf1-9d16-51a072b55f9b",furniture,Apex Bookshelf - Modern,Apex,39607,132,14,14,251.45,436.8
e433f5a4-4c87-49a2-b89f-d07e0f900737,furniture,Nimbus Desk - Minimal,Nimbus,15614,179,11,22,562.34,932.47
de32080a-979a-4158-9675-16ebf836127b,home_goods,Zenith Air Purifier Set,Zenith,4671,37,10,15,75.31,164.43
a092c116-c094-49e4-9e95-4f983c071654,books,Responsibility per cup simple: Fund admit poor remain we sure,Pulse,495,13,27,19,29.91,44.96
de414ab2-68b6-4b70-9d6a-4bc5a625c860,fashion,Nova Classic Jacket,Nova,793,33,7,26,12.27,30.22
"80b67263-e8da-4f77-87ea-120fae1fb477",furniture,Apex Sofa - Minimal,Apex,22322,171,21,15,142.78,351.41
"40f784c6-167d-46af-a115-4f61fcf89a1e",home_goods,Pulse Bedding Set,Pulse,667,65,13,26,90.39,176.29
d37c636a-1011-485f-a045-b44cb1f4c3fb,electronics,Crest Bluetooth Speaker A649,Crest,4152,10,19,9,226.92,279.6
"207486b2-9a0e-4872-a0bb-afdb7582d2d9",furniture,Orion Chair - Minimal,Orion,10958,183,21,16,376.69,796.24
"45258efd-9b1b-4f9b-b65f-d41296e2e962",fashion,Nova Classic Backpack,Nova,383,27,15,27,60.8,237.13
"7ae12319-4262-4566-8c88-908e620dcbe3",toys,Nimbus Building Blocks Toy,Nimbus,278,26,27,12,23.48,49.68
cda7b66d-05aa-40c2-b402-6591c05de36e,books,Final upon must: Create experience ready police summer,Zenith,703,18,29,7,10.32,20.55
"079c43b6-9738-4258-a9f8-c2076ae31088",auto,Crest Seat Cover Kit (P738),Crest,9178,67,28,14,56.95,86.67
"5a7d3fef-1d31-4231-a35f-aa371b34c90c",auto,Pulse Dash Cam Kit (X557),Pulse,11561,72,8,7,227.19,348.12
"9b35de52-a028-42e7-90eb-20448f5720a1",toys,Crest Board Game Toy,Crest,232,25,22,25,49.33,89.77
fac19326-2eed-4359-960e-d57686fa9359,toys,Pulse Puzzle (Blue),Pulse,620,11,12,5,23.43,45.53
"1c2a4545-7526-4c4b-bbb7-f367c5c04469",auto,Orion Car Charger Kit (M325),Orion,10253,28,17,16,163.61,194.03
a8de6027-4f62-45b1-a0fb-dfe956a33b6e,toys,Pulse Building Blocks (Black),Pulse,728,5,7,26,20.96,45.2
c2b03f2d-67a4-4ba6-8228-144eb861b31b,fashion,Pulse Classic Sneakers,Pulse,230,31,21,8,40.73,150.16
"80833b40-75c3-4864-9568-8cc510b17705",home_goods,Nova Bedding Set,Nova,3396,40,28,19,29.3,56.13
f897aea4-5a7a-4070-a074-4bb91c4aab44,fashion,Pulse Classic Dress,Pulse,769,25,10,19,99.35,227.95
f204e271-59c9-4dc4-8860-ad90095f5c53,furniture,Apex Chair - Cozy,Apex,12466,107,7,19,645.36,806.86
"224d3e84-0c5b-4156-a45f-d6691af447df",fashion,Pulse Backpack (Green),Pulse,853,59,27,22,66.49,263.61
f11dd516-024e-4b10-8d47-18d84864db98,home_goods,Pulse Air Purifier - Classic,Pulse,4317,30,15,21,59.84,101.13
"3d53f1fa-776b-48b8-9a3f-60d2fe399cf6",fashion,Crest Sneakers (Beige),Crest,712,43,23,6,54.77,197.82
c4930db0-a386-4a73-af21-f446c38dec98,fashion,Apex Sneakers (Beige),Apex,522,41,12,8,98.36,261.8
"922d9f0b-3bab-4f1d-bc0f-8882db8190b7",auto,Pulse Tool Set Kit (X896),Pulse,6164,13,10,13,168.43,257.41
"28f1075a-ffbd-44b5-887c-caf22cc54963",home_goods,Zenith Knife Set Set,Zenith,4424,56,8,12,57.5,99.02
"1bedb07d-01df-4432-99a0-83fbc60deb5e",books,Child actually himself: Beautiful building pretty hard politics for,Nimbus,576,10,7,23,26.39,41.47
"117c4668-f4d3-4b39-8b47-32cbac4c70a0",electronics,Vertex Smartwatch P951,Vertex,2739,32,25,29,756.64,964.22
ac10b78c-342e-4b50-9ea9-bddde7db2e79,electronics,Vertex Smartwatch S468,Vertex,586,28,19,23,717.81,817.14
"096c00b3-bd99-4da9-8e2b-8510a6ab202a",toys,Zenith Board Game (White),Zenith,485,11,12,8,8.92,21.39
"3a508495-d304-40c5-a60d-65002710c0c7",electronics,Orion Headphones X579,Orion,3678,33,12,15,749.5,919.31
"3d45aa2c-f6bd-494b-9817-5c71b276bb1d",fashion,Crest Classic Jacket,Crest,146,23,28,19,84.36,222.54
bcb70e8e-e916-4cd7-b23a-ed5644e1856e,books,Animal relationship these finish future,Nimbus,333,16,19,15,16.09,29.45
cedabaa6-1631-40c2-9055-d0ddd7711208,furniture,Pulse Coffee Table - Industrial,Pulse,31703,105,7,14,327.49,541.29
e37a48a3-3ea8-4563-891c-d3e85e0b7747,books,Nearly religious cause: Cost political kind wide future,Nova,591,11,24,27,9.13,14.17
"5b3d8073-d7d0-453f-b7b9-877569d23a64",fashion,Pulse Cozy Dress,Pulse,266,45,14,12,92.77,281.25
"9cd24fc5-44bb-4c94-bddc-8a734b6a92bf",furniture,Pulse Desk - Modern,Pulse,35663,143,26,27,76.29,160.26
"43ee49b1-6cd2-4581-902e-b8569086798e",toys,Pulse RC Car Toy,Pulse,778,12,25,11,30.11,81.09
"80e166bb-2296-4866-9917-2fbff5f2de6f",electronics,Nimbus M477 Monitor,Nimbus,1159,48,5,8,680.79,768.34
"5f8362f4-e686-4f4b-9016-8ec4824574b2",electronics,Vertex M478 Monitor,Vertex,1903,48,16,20,710.42,811.14
"4a9baf10-a1d4-417d-8ea4-2b5fd26dcb2f",fashion,Nova Hoodie (Red),Nova,192,28,19,28,47.18,133.65
"392db970-554d-4161-bef8-1e81c195d3a4",fashion,Nova Cozy Sneakers,Nova,439,31,10,12,29.92,107.32
"100e64e5-689f-4e84-b7b5-449165de3b73",toys,Vertex Puzzle (Black),Vertex,899,22,17,19,35.7,78.08
a1b98ba1-bbbb-4df4-93b8-0f8184246596,books,Develop low least room: Quickly late part,Orion,320,22,12,12,20.26,29.64
"8a8cd861-6644-4980-9e22-bd93f707333e",books,Past turn family responsibility itself,Apex,420,10,10,7,14.47,28.42
"8fffb134-40f1-4bdd-ab79-242f87902b03",toys,Pulse Doll (White),Pulse,172,10,19,23,41.45,84.16
"1f2e01bd-25d2-4720-b83b-7ab216c59191",electronics,Apex A488 Smartwatch,Apex,4086,40,27,17,639.07,749.88
"29411dee-1ea7-4c6a-bee9-e49c441addea",home_goods,Zenith Air Purifier Set,Zenith,2552,39,29,15,77.87,148.25
c373737d-f55a-497a-bb4f-e5396e6ebf0c,books,Officer should,Pulse,619,13,17,17,13.97,26.02
"32cbde57-e568-490e-8c38-7e210d7b9ad5",home_goods,Apex Bedding Set,Apex,1332,30,5,16,84.83,173.28
aa21a08b-ed99-4cf4-8bd3-3a7b8d40d704,toys,Nova Building Blocks Toy,Nova,585,18,9,15,26.43,58.86
"13f8769c-cd68-48f7-b65d-1c1e27855607",books,Year indicate meet,Pulse,479,19,18,14,25.39,37.69
"87aa9d47-b3a8-4023-8eae-1828963c16fb",electronics,Pulse X895 Smartwatch,Pulse,4211,38,28,14,283.06,354.07
"1d2f14b6-8167-4d78-88a9-294d30fa8224",furniture,Nimbus Sofa - Modern,Nimbus,44857,80,11,16,471.87,876.23
"55eb7e14-120e-4d2a-a66c-ad4b5b4c8d8d",books,Kind PM answer professor,Apex,315,13,11,6,24.41,40.62
"9e3011c5-cf7b-4a7b-9cf1-2207a251d868",auto,Nova Dash Cam X609,Nova,15782,93,15,18,324.45,483.21
d48a495a-b3d7-47ee-b448-3737ca8771d4,furniture,Vertex Fabric Chair,Vertex,17722,178,16,10,146.63,213.7
"059c9f59-24b2-4827-aa67-f52ef9277405",auto,Orion Tire Inflator A540,Orion,5474,33,25,22,241.23,321.72
"58087a54-babc-4871-9938-189531fb1cf6",furniture,Orion Oak Desk,Orion,28697,56,29,18,711.57,989.8
cc117a8b-57dd-47f8-8e68-c62250bce0a9,home_goods,Orion Lamp Set,Orion,4309,93,15,7,8.01,14.41
"3183fceb-009e-496a-8fb9-b7e1d3021756",furniture,Zenith Leather Desk,Zenith,14410,188,23,27,246.45,497.78
ef7d2e65-06e7-4410-a7f5-3d603f16ad3d,home_goods,Crest Air Purifier Set,Crest,3799,45,21,11,73.9,167.02
f07e14d0-4279-490e-858b-2443ea2b14bf,books,Range decade of short: Likely result yes reveal type,Apex,280,24,14,6,16.32,29.47
d9e64ee5-8a02-478b-a277-3ed967a2a90e,electronics,Nimbus A597 Monitor,Nimbus,4456,24,13,15,833.73,1076.86
"58700704-9e64-4ee8-9ffc-410883c47b7f",toys,Vertex RC Car (Red),Vertex,410,14,27,14,18.69,40.77
"8d0b82c8-787b-4dd7-8cff-b45b11aef4df",electronics,Crest M910 Headphones,Crest,901,19,8,23,347.37,425.95
"37ce0272-56fa-4b99-b659-882fb9352b4a",home_goods,Vertex Knife Set Set,Vertex,3321,14,21,22,49.14,87.95
"30274e55-73b3-45c2-9c56-a6962a2e1da6",auto,Pulse Tool Set Kit (X604),Pulse,10628,27,11,9,278.46,413.2
b48db8d5-e52b-49fe-bbe1-cff2c2ac66bc,toys,Apex Building Blocks (Green),Apex,950,22,22,19,45.37,95.91
"4da82363-a479-43b4-b594-b3828ba67fbd",toys,Orion Board Game Toy,Orion,436,10,24,17,8.11,15.56
"6b0739b2-f33b-4f6d-a27e-1913a8ac616c",electronics,Orion X803 Monitor,Orion,4415,32,6,16,701.58,858.05
be2ccdf6-35d0-4856-a2d9-42e2bf1a7419,fashion,Apex Classic Backpack,Apex,753,27,15,18,9.33,24.68
"6a85ba65-efe4-41e3-b5ad-e51926599d82",electronics,Orion X454 Smartwatch,Orion,2805,14,11,23,945.84,1245.76
f5611ad3-9e6c-422c-b596-32f64dd64fcb,fashion,Orion Dress (White),Orion,660,37,20,16,118.1,288.67
"096db6b4-b6e0-4e1d-b36a-7b7888a62768",home_goods,Crest Bedding - Cozy,Crest,4487,26,23,18,23.15,43.93
cf40915e-b64f-454e-b972-80381fb6a4dc,toys,Apex Puzzle (White),Apex,972,21,6,22,20.86,57.59
b2b2b607-c6e1-4382-8ad2-1e35c9df3274,furniture,Pulse Desk - Minimal,Pulse,46137,175,17,22,241.33,466.5
"9b1dd0c6-9df5-4347-a202-60c371c3f5fd",electronics,Vertex X290 Tablet,Vertex,2188,34,13,25,257.32,315.04
"8dddc8fc-6931-480b-8de8-3557a8085e60",auto,Nimbus Tire Inflator S417,Nimbus,2313,47,11,11,50.15,59.12
"04df3d19-e492-4b9f-b10c-d86758eaa8ba",electronics,Pulse A852 Headphones,Pulse,2773,33,29,16,1024.31,1318.03
"5828714e-4338-4adb-8eb3-f23213447b62",books,Head book near call less,Apex,838,12,15,13,11.67,18.1
"65f6ddeb-c127-42bc-8eac-08165eaf3114",toys,Vertex Puzzle (Blue),Vertex,516,15,10,22,5.84,14.92
"27a19aed-8f64-4171-b6f0-1ec4fd23e1dc",home_goods,Zenith Knife Set Set,Zenith,3807,11,6,27,109.8,187.75
"80ecb8a6-fb62-4fc2-9296-ded4f3c4d060",electronics,Apex Bluetooth Speaker M967,Apex,4300,43,20,16,642.96,787.51
"11d79403-6ae4-4e2e-9c5b-323f3cf3f79d",auto,Apex Car Charger P145,Apex,7816,36,21,9,124.92,153.49
ced95b4c-52d2-412f-ab0d-7416200945c4,auto,Nova Tire Inflator A718,Nova,5659,19,24,18,61.75,78.75
b421d3f9-99ab-40fb-99a2-241dccb00c47,auto,Zenith Dash Cam Kit (A441),Zenith,8648,31,10,6,228.29,286.0
"723cc4e9-e617-40df-bc19-10fb3c5fd85f",furniture,Vertex Oak Sofa,Vertex,26307,166,9,18,183.43,389.01
eb537ace-90c4-4c5e-8d3f-835da37c8501,toys,Pulse Board Game (Black),Pulse,462,23,17,23,26.07,54.19
"99328f5b-f86b-4a50-937d-eb5bed0f74bd",fashion,Orion Dress (Black),Orion,574,55,21,26,17.84,41.16
"062fc350-83aa-44d1-ba35-3dfbb90183ce",toys,Nova Puzzle (Black),Nova,890,28,23,6,19.0,38.27
"6c8b7702-9e72-4274-8c73-1102f491cc9c",books,Environmental energy relationship black,Nimbus,864,13,5,14,10.26,17.91
a0febe8d-d771-4518-97f1-eaaefbc72af1,home_goods,Vertex Bedding Set,Vertex,4202,93,27,15,6.44,10.84
"833b5830-3753-4368-8f85-3c520f5dc5b8",electronics,Orion Headphones M309,Orion,1417,12,8,10,1269.53,1556.8
"1ae634ff-c729-4828-899d-6e303658704c",electronics,Nimbus X786 Bluetooth Speaker,Nimbus,3483,11,22,26,1056.02,1239.45
"33ca4c03-5878-42ca-9b97-a4007d4ae628",auto,Pulse Car Charger X656,Pulse,17345,28,24,27,53.03,65.72
"5f7d5612-d98b-4475-9846-a1423f310453",toys,Crest Puzzle (Blue),Crest,530,11,20,25,8.28,17.2
"34c18184-9bb6-4ed9-b1dc-dbefa010726f",home_goods,Vertex Air Purifier Set,Vertex,3187,73,17,26,19.32,38.65
"584e0731-cb1b-461a-801f-3ee15d6be916",home_goods,Pulse Lamp - Cozy,Pulse,4987,45,26,22,51.8,107.18
bebd368b-35f1-465e-876e-4d8e4d277349,fashion,Pulse Dress (Blue),Pulse,723,27,26,29,80.06,201.11
c9ea6bf4-832a-490d-9b26-7d8b90f46cac,electronics,Orion Bluetooth Speaker M916,Orion,4025,20,6,8,406.72,516.33
adfe99f8-abf0-4e6d-8606-50511685bc46,electronics,Apex P805 Bluetooth Speaker,Apex,3549,11,10,17,1402.38,1731.67
fe4ce716-fbd4-4b9d-bea9-0458bfac7f93,electronics,Zenith M887 Monitor,Zenith,3981,17,12,9,794.71,926.98
"1b686453-e57e-449a-8766-a0fb55932a29",electronics,Crest S915 Monitor,Crest,4935,31,7,26,987.0,1157.76
"453af778-caa8-43e0-854e-79b504e5012d",auto,Zenith Dash Cam Kit (X862),Zenith,11184,53,24,16,275.86,337.81
d420c8fe-3bf2-441e-b334-a530d177c553,toys,Zenith Building Blocks Toy,Zenith,556,11,21,8,29.99,81.99
e6de50be-1bfb-441c-9268-56fd8d27d941,books,Significant right amount: Glass how cell,Pulse,902,12,29,27,24.17,36.17
"4f538c1f-55aa-4331-b75d-6ba8b668aa34",home_goods,Orion Bedding Set,Orion,3287,64,24,28,85.44,145.3
"2117fcc9-831b-40f8-b9e6-0a1638b69b95",books,Hand population various money yet,Nimbus,718,23,13,24,22.52,40.68
"6c97d2df-6cb2-40f9-a865-ab6640f255c4",furniture,Vertex Desk - Minimal,Vertex,44476,184,29,8,232.78,532.19
a9d4e5fa-d729-4eee-84da-73c2e877b039,electronics,Crest S579 Headphones,Crest,1131,49,18,7,867.38,1115.86
"538735e6-7071-4ff3-b8bd-ee018e9d546f",home_goods,Vertex Vacuum Set,Vertex,4640,72,21,7,63.55,150.59
"9bed8c53-857d-4602-b546-71e82c04fbdd",electronics,Nova Camera A775,Nova,3554,18,28,9,1310.72,1680.74
"0184d934-f555-4726-85f1-db3939fff6e6",furniture,Vertex Walnut Coffee Table,Vertex,5116,193,7,26,170.96,277.96
"8ce5fa0f-09b5-4fa6-8192-de7cb6d34d74",fashion,Apex Minimal Backpack,Apex,891,35,7,9,120.47,272.43
a3a5a841-1249-4328-9ea4-c02b803fc878,furniture,Vertex Chair - Minimal,Vertex,41563,185,23,16,444.22,825.01
"9accf945-1180-43e3-b61e-0b62e84bc1b1",books,Himself region anyone entire,Nova,403,15,23,19,24.36,43.16
fa511500-2c2a-4453-b583-6effe2ae0ca3,furniture,Pulse Bookshelf - Minimal,Pulse,42912,51,25,18,93.84,203.28
"3d3e6a92-94d9-4e78-9371-c65acd276584",auto,Orion Car Charger X836,Orion,9958,64,8,11,164.57,250.43
"9e06e1bf-6600-4205-931e-379f10071615",books,Between style: By same use visit,Nimbus,695,19,25,26,18.43,28.72
a2d1b194-cd0e-406c-9885-379393369a6b,furniture,Crest Leather Bookshelf,Crest,49709,94,13,17,304.28,466.18
"4a3d5b85-f440-492a-b931-76834a1c7388",books,Clearly man later follow: Couple century it,Nimbus,707,20,19,23,16.46,23.62
af6f92dc-4928-4522-bdb6-73f720968d56,fashion,Vertex Minimal Jacket,Vertex,490,25,5,13,43.8,123.45
"482cde20-555e-418e-a42e-7403910bcf03",furniture,Crest Sofa - Modern,Crest,12512,180,24,17,324.45,605.18
"9d149cb0-0f42-4a9e-9996-35093aa7dcc5",books,Fight yard professor everyone,Nimbus,896,14,17,16,8.99,16.15
"5c583067-508e-46ff-b318-45071e2c2c47",toys,Vertex RC Car (Red),Vertex,184,28,7,23,24.51,58.65
"73044758-56f2-4df6-b0cd-cf3bba29fafd",electronics,Zenith Camera S118,Zenith,4610,28,7,22,195.38,224.94
"7d99b206-486a-4445-9dd3-5ec7275fe6d5",books,Evening Mrs significant myself: Hot consumer election girl purpose speak,Pulse,581,23,22,5,20.36,31.33
e12fd780-6ff2-475f-a117-46e66b17db74,auto,Nimbus Tire Inflator Kit (A110),Nimbus,4029,85,18,24,338.31,485.85
e31d7350-994b-4b12-948d-0c8bc85cc4cd,furniture,Orion Desk - Cozy,Orion,10076,55,10,22,520.87,694.53
